Name	YearStart	YearEnd	Draft	Team	Height	Weight	Years Played	AV	Position
Vince Young	2006	2010	1-3	OTI	6-5	230	5	33	QB
T.J. Yates	2011	2013	5-152	HTX	6-3	195	3	3	QB
Anthony Wright	2003	2006		TOT	6-1	211	3	8	QB
Russell Wilson	2012	2013	3-75	SEA	5-11	204	2	16	QB
Charlie Whitehurst	2006	2013	3-81	TOT	6-4	220	5	3	QB
Pat White	2009	2013	2-44	TOT	6-0	190	2	1	QB
Chris Weinke	2005	2007	4-106	TOT	6-4	232	3	2	QB
Brandon Weeden	2012	2013	1-22	CLE	6-4	221	2	8	QB
Joe Webb	2010	2013	6-199	MIN	6-4	220	4	4	QB
Andrew Walter	2006	2008	3-69	RAI	6-6	230	3	1	QB
Seneca Wallace	2005	2009	4-110	SEA	5-11	196	5	12	QB
Billy Volek	2003	2006		TOT	6-2	214	4	11	QB
Michael Vick	2003	2005	1-1	ATL	6-0	215	3	32	QB
Bradlee Van Pelt	2005	2005	7-250	DEN	6-2	220	1	0	QB
Marques Tuiasosopo	2003	2006	2-59	RAI	6-1	220	3	1	QB
Tyler Thigpen	2007	2011	7-217	TOT	6-3	235	4	10	QB
Tim Tebow	2010	2012	1-25	TOT	6-2	236	3	12	QB
Tyrod Taylor	2011	2013	6-180	RAV	6-1	217	3	1	QB
Ryan Tannehill	2012	2013	1-8	MIA	6-4	221	2	10	QB
Drew Stanton	2008	2012	2-43	TOT	6-3	236	5	4	QB
Isaiah Stanback	2007	2012	4-103	TOT	6-3	216	5	0	QB
Matthew Stafford	2009	2013	1-1	DET	6-2	230	5	34	QB
Brian St. Pierre	2004	2010	5-163	TOT	6-3	230	3	0	QB
Jim Sorgi	2004	2008	6-193	CLT	6-5	196	5	5	QB
Troy Smith	2007	2010	5-174	TOT	6-0	225	4	6	QB
Rusty Smith	2010	2013	6-176	OTI	6-5	212	4	1	QB
Brad Smith	2006	2010	4-103	NYJ	6-2	210	5	13	QB
Alex Smith	2005	2010	1-1	SFO	6-4	212	5	20	QB
John Skelton	2010	2013	5-155	TOT	6-5	244	4	4	QB
Chris Simms	2004	2009	3-97	TOT	6-4	220	5	8	QB
Matt Schaub	2004	2008	3-90	TOT	6-5	235	5	22	QB
Mark Sanchez	2009	2013	1-5	NYJ	6-2	225	5	28	QB
Matt Ryan	2008	2012	1-3	ATL	6-5	224	5	73	QB
JaMarcus Russell	2007	2009	1-1	RAI	6-6	265	3	6	QB
Sage Rosenfels	2003	2006	4-109	TOT	6-4	222	4	3	QB
Tony Romo	2004	2008		DAL	6-2	219	5	39	QB
Ben Roethlisberger	2004	2008	1-11	PIT	6-5	240	5	58	QB
Aaron Rodgers	2005	2009	1-24	GNB	6-2	223	5	35	QB
Philip Rivers	2004	2008	1-4	SDG	6-5	228	5	48	QB
Chris Redman	2003	2007	3-75	TOT	6-3	223	2	3	QB
Tim Rattay	2003	2004	7-212	SFO	6-0	200	2	8	QB
Patrick Ramsey	2003	2006	1-32	TOT	6-2	225	4	10	QB
Dave Ragone	2003	2003	3-88	HTX	6-3	245	1	1	QB
Jonathan Quinn	2004	2004	3-86	CHI	6-6	243	1	1	QB
Brady Quinn	2007	2012	1-22	TOT	6-4	232	5	2	QB
Terrelle Pryor	2011	2013		RAI	6-6	230	3	1	QB
Christian Ponder	2011	2013	1-12	MIN	6-2	229	3	16	QB
Tony Pike	2010	2010	6-204	CAR	6-5	212	1	0	QB
Cody Pickett	2004	2005	7-217	SFO	6-3	220	2	1	QB
Chad Pennington	2003	2004	1-18	NYJ	6-3	225	2	17	QB
Jordan Palmer	2008	2012	6-205	TOT	6-5	232	3	0	QB
Jesse Palmer	2003	2003	4-125	NYG	6-2	225	1	1	QB
Carson Palmer	2004	2008	1-1	CIN	6-5	230	5	56	QB
Tyler Palko	2010	2011		KAN	6-1	215	2	2	QB
Curtis Painter	2009	2013	6-201	TOT	6-4	230	3	2	QB
Brock Osweiler	2012	2013	2-57	DEN	6-7	242	2	0	QB
Kyle Orton	2005	2010	4-106	TOT	6-4	226	5	34	QB
Dan Orlovsky	2005	2012	5-145	TOT	6-5	230	5	6	QB
J.T. O'Sullivan	2004	2009	6-186	TOT	6-2	220	4	6	QB
Kevin O'Connell	2008	2011	3-94	TOT	6-5	225	2	0	QB
Keith Null	2009	2009	6-196	RAM	6-4	222	1	1	QB
Cam Newton	2011	2013	1-1	CAR	6-5	248	3	35	QB
John Navarre	2004	2005	7-202	CRD	6-6	250	2	0	QB
Craig Nall	2003	2007	5-164	GNB	6-3	230	3	1	QB
Matt Moore	2007	2012		TOT	6-3	192	5	15	QB
Reggie McNeal	2006	2006	6-193	CIN	6-2	200	1	0	QB
Donovan McNabb	2003	2003	1-2	PHI	6-2	240	1	15	QB
Mike McMahon	2003	2005	5-149	TOT	6-2	215	3	1	QB
Stephen McGee	2010	2011	4-101	DAL	6-2	223	2	2	QB
Greg McElroy	2011	2013	7-208	TOT	6-2	220	3	1	QB
Colt McCoy	2010	2013	3-85	TOT	6-2	209	4	11	QB
Luke McCown	2004	2010	4-106	TOT	6-3	208	5	6	QB
Josh McCown	2003	2006	3-81	TOT	6-4	212	4	15	QB
Matt Mauck	2005	2005	7-225	OTI	6-1	213	1	1	QB
Tee Martin	2003	2003	5-163	RAI	6-2	225	1	0	QB
Ingle Martin	2006	2006	5-148	GNB	6-2	220	1	0	QB
Eli Manning	2004	2008	1-1	NYG	6-4	218	5	46	QB
Ryan Mallett	2011	2013	3-74	NWE	6-7	253	3	0	QB
Andrew Luck	2012	2013	1-1	CLT	6-4	234	2	13	QB
J.P. Losman	2004	2008	1-22	BUF	6-3	220	5	20	QB
Jared Lorenzen	2006	2007		NYG	6-4	275	2	0	QB
Jake Locker	2011	2013	1-8	OTI	6-3	231	3	8	QB
Thaddeus Lewis	2011	2013		TOT	6-2	200	3	1	QB
Cleo Lemon	2005	2008		TOT	6-2	215	4	6	QB
Matt Leinart	2006	2011	1-10	TOT	6-5	225	5	12	QB
Byron Leftwich	2003	2007	1-7	TOT	6-5	245	5	33	QB
Craig Krenzel	2004	2004	5-148	CHI	6-4	225	1	1	QB
Kevin Kolb	2007	2011	2-36	TOT	6-3	218	5	11	QB
Kurt Kittner	2003	2003	5-158	ATL	6-2	221	1	1	QB
Kliff Kingsbury	2005	2005	6-201	NYJ	6-4	231	1	0	QB
Shaun King	2003	2003	2-50	TAM	6-1	215	1	0	QB
Mike Kafka	2011	2011	4-122	PHI	6-3	225	1	0	QB
Colin Kaepernick	2011	2013	2-36	SFO	6-5	233	3	9	QB
Josh Johnson	2009	2013	5-160	TOT	6-2	213	5	4	QB
James-Michael Johnson	2012	2013	4-120	TOT	6-1	241	2	4	QB
Doug Johnson	2003	2004		TOT	6-2	225	2	5	QB
Tarvaris Jackson	2006	2010	2-64	MIN	6-2	226	5	13	QB
Jarious Jackson	2003	2003	7-214	DEN	6-0	228	1	0	QB
Chad Hutchinson	2003	2004		TOT	6-5	237	2	1	QB
Damon Huard	2003	2003		NWE	6-3	215	1	0	QB
Brock Huard	2003	2003	3-77	CLT	6-4	232	1	0	QB
Brian Hoyer	2009	2013		TOT	6-3	215	5	2	QB
Kelly Holcomb	2003	2004		CLE	6-2	212	2	6	QB
Shaun Hill	2005	2010		TOT	6-5	210	5	19	QB
Drew Henson	2004	2008	6-192	TOT	6-4	233	2	0	QB
Chad Henne	2008	2012	2-57	TOT	6-3	228	5	22	QB
Tim Hasselbeck	2003	2007		TOT	6-1	211	3	1	QB
Matt Hasselbeck	2003	2003	6-187	SEA	6-4	223	1	15	QB
Joey Harrington	2003	2006	1-3	TOT	6-4	220	4	23	QB
Graham Harrell	2011	2012		GNB	6-2	215	2	0	QB
Caleb Hanie	2009	2012		TOT	6-2	236	4	2	QB
Gibran Hamdan	2003	2003	7-232	WAS	6-6	240	1	0	QB
Max Hall	2010	2011		CRD	6-1	201	2	1	QB
Andy Hall	2005	2005	6-185	PHI	6-3	218	1	0	QB
Matt Gutierrez	2007	2011		TOT	6-4	235	3	0	QB
Rex Grossman	2003	2007	1-22	CHI	6-1	222	5	16	QB
Robert Griffin III	2012	2013	1-2	WAS	6-2	223	2	18	QB
Chris Greisen	2011	2011	7-239	DAL	6-3	227	1	0	QB
Quinn Gray	2005	2008		TOT	6-3	246	4	6	QB
Bruce Gradkowski	2006	2010	6-194	TOT	6-1	220	5	8	QB
David Garrard	2003	2006	4-108	JAX	6-1	244	4	16	QB
Jeff Garcia	2003	2003		SFO	6-1	195	1	13	QB
Blaine Gabbert	2011	2013	1-10	JAX	6-4	234	3	7	QB
Charlie Frye	2005	2009	3-67	TOT	6-4	217	4	8	QB
Josh Freeman	2009	2012	1-17	TAM	6-6	240	4	37	QB
Nick Foles	2012	2013	3-88	PHI	6-5	243	2	4	QB
Matt Flynn	2008	2012	7-209	TOT	6-2	228	5	3	QB
Joe Flacco	2008	2012	1-18	RAV	6-6	232	5	61	QB
Ryan Fitzpatrick	2005	2009	7-250	TOT	6-2	221	5	9	QB
A.J. Feeley	2004	2007	5-155	TOT	6-3	225	3	4	QB
Trent Edwards	2007	2012	3-92	TOT	6-4	231	4	16	QB
Ken Dorsey	2004	2008	7-241	TOT	6-4	218	5	1	QB
Dennis Dixon	2008	2012	5-156	TOT	6-3	195	5	2	QB
Jake Delhomme	2003	2005		CAR	6-2	215	3	37	QB
Dominique Davis	2012	2013		ATL	6-3	210	2	0	QB
Rohan Davey	2003	2004	4-117	NWE	6-2	245	2	0	QB
Chase Daniel	2010	2013		TOT	6-0	218	4	0	QB
Andy Dalton	2011	2013	2-35	CIN	6-2	215	3	24	QB
Jay Cutler	2006	2010	1-11	TOT	6-3	225	5	52	QB
Daunte Culpepper	2003	2003	1-11	MIN	6-4	264	1	16	QB
Brodie Croyle	2006	2010	3-85	KAN	6-2	205	5	2	QB
Kirk Cousins	2012	2013	4-102	WAS	6-3	214	2	2	QB
Tim Couch	2003	2003	1-1	CLE	6-4	220	1	4	QB
Kellen Clemens	2006	2010	2-49	NYJ	6-2	224	5	3	QB
Jimmy Clausen	2010	2013	2-48	CAR	6-3	217	4	0	QB
Matt Cassel	2005	2009	7-230	TOT	6-5	230	5	25	QB
Quincy Carter	2003	2004	2-53	TOT	6-2	213	2	11	QB
David Carr	2003	2006	1-1	HTX	6-3	215	4	40	QB
Rudy Carpenter	2011	2011		TAM	6-2	218	1	0	QB
Jason Campbell	2006	2010	1-25	TOT	6-5	223	5	45	QB
Marc Bulger	2003	2006	6-168	RAM	6-3	215	4	47	QB
Travis Brown	2003	2003		BUF	6-3	215	1	0	QB
Levi Brown	2010	2010	7-209	BUF	6-3	229	1	0	QB
Aaron Brooks	2003	2004	4-131	NOR	6-4	220	2	26	QB
Brian Brohm	2009	2010	2-56	BUF	6-2	230	2	0	QB
Drew Brees	2003	2005	2-32	SDG	6-0	209	3	38	QB
Tom Brandstater	2011	2011	6-174	RAM	6-5	220	1	0	QB
Tom Brady	2003	2004	6-199	NWE	6-4	225	2	27	QB
Sam Bradford	2010	2013	1-1	RAM	6-4	236	4	21	QB
Todd Bouman	2003	2005		NOR	6-2	229	3	2	QB
Brooks Bollinger	2004	2008	6-200	TOT	6-1	205	5	6	QB
Kyle Boller	2003	2007	1-19	RAV	6-3	220	5	19	QB
Brock Berlin	2007	2008		RAM	6-1	215	2	0	QB
John Beck	2007	2011	2-40	TOT	6-2	215	2	4	QB
Charlie Batch	2003	2003	2-60	PIT	6-2	220	1	0	QB
Brett Basanez	2006	2006		CAR	6-2	215	1	0	QB
Richard Bartel	2010	2011		CRD	6-3	246	2	0	QB
Derek Anderson	2006	2010	6-213	TOT	6-6	229	5	19	QB
Amos Zereoue	2003	2003	3-95	PIT	5-8	212	1	5	RB
Selvin Young	2007	2008		DEN	5-11	215	2	9	RB
Darrel Young	2010	2013		WAS	5-11	248	4	3	RB
Albert Young	2009	2010		MIN	5-10	209	2	0	RB
DeShawn Wynn	2007	2009	7-228	GNB	5-11	232	3	3	RB
Jason Wright	2004	2008		TOT	5-10	210	5	8	RB
Dwayne Wright	2007	2007	4-111	BUF	6-0	227	1	1	RB
Danny Woodhead	2009	2013		TOT	5-9	200	4	12	RB
Garrett Wolfe	2007	2010	3-93	CHI	5-7	171	4	2	RB
Derrick Wimbush	2005	2006		JAX	6-1	211	2	1	RB
Quincy Wilson	2006	2007	7-219	CIN	5-9	225	2	0	RB
David Wilson	2012	2013	1-32	NYG	5-10	206	2	4	RB
Walter Williams	2004	2005		GNB	6-1	206	2	0	RB
Shaud Williams	2004	2006		BUF	5-7	193	3	3	RB
Ryan Williams	2011	2013	2-38	CRD	5-9	212	3	1	RB
Ricky Williams	2003	2003		CLT	5-7	195	1	3	RB
Ricky Williams	2003	2003	1-5	MIA	5-10	226	1	11	RB
Keiland Williams	2010	2011		TOT	5-11	225	2	5	RB
Javarris Williams	2009	2012	7-212	TOT	5-11	220	3	0	RB
Eddie Williams	2012	2012	7-221	CLE	6-1	235	1	0	RB
Domanick Williams	2003	2005	4-101	HTX	5-9	216	3	34	RB
DeAngelo Williams	2006	2010	1-27	CAR	5-8	210	5	36	RB
Cadillac Williams	2005	2009	1-5	TAM	5-11	217	5	21	RB
Fozzy Whittaker	2012	2012		CRD	5-10	202	1	0	RB
LenDale White	2006	2009	2-45	OTI	6-2	240	4	15	RB
Johnny White	2011	2011	5-133	BUF	5-10	209	1	0	RB
Jamel White	2003	2003		CLE	5-9	222	1	4	RB
Brian Westbrook	2003	2006	3-91	PHI	5-8	200	4	47	RB
Jonathan Wells	2003	2005	4-99	HTX	6-1	252	3	7	RB
Chris Wells	2009	2012	1-31	CRD	6-1	235	4	15	RB
Marquis Weeks	2006	2006		SEA	5-10	216	1	0	RB
Leonard Weaver	2005	2010		TOT	6-0	251	5	11	RB
Kenny Watson	2003	2006		CIN	5-11	214	4	6	RB
Leon Washington	2006	2010	4-117	TOT	5-8	210	5	29	RB
Chauncey Washington	2008	2011	7-213	TOT	6-0	221	4	0	RB
DJ Ware	2007	2011		NYG	6-1	225	5	5	RB
Derrick Ward	2004	2008	7-235	NYG	5-11	233	5	20	RB
Darius Walker	2007	2007		HTX	5-10	206	1	3	RB
Lawrence Vickers	2006	2010	6-180	CLE	6-0	240	5	2	RB
Shane Vereen	2011	2013	2-56	NWE	5-10	210	3	4	RB
Josh Vaughan	2010	2013		TOT	6-0	232	4	0	RB
Stacy Tutt	2006	2007		NYJ	6-2	235	2	0	RB
Michael Turner	2004	2008	5-154	TOT	5-10	237	5	26	RB
Robert Turbin	2012	2013	4-106	SEA	5-10	222	2	5	RB
Stephen Trejo	2003	2003		DET	6-2	254	1	0	RB
Keith Toston	2010	2012		TOT	6-0	210	2	2	RB
Ryan Torain	2008	2012	5-139	TOT	6-0	213	4	5	RB
Manase Tonga	2011	2011		RAI	5-11	245	1	0	RB
LaDainian Tomlinson	2003	2005	1-5	SDG	5-10	221	3	55	RB
Mike Tolbert	2008	2012		TOT	5-9	243	5	24	RB
LaBrandon Toefield	2003	2007	4-132	JAX	5-11	232	5	5	RB
Jordan Todman	2012	2013	6-183	JAX	5-9	203	2	0	RB
Tyson Thompson	2005	2007		DAL	6-1	215	3	1	RB
Pierre Thomas	2007	2011		NOR	5-11	210	5	31	RB
Daniel Thomas	2011	2013	2-62	MIA	6-0	230	3	7	RB
Anthony Thomas	2003	2004	2-38	CHI	6-2	228	2	9	RB
Marcus Thigpen	2012	2013		MIA	5-9	193	2	2	RB
Chris Taylor	2006	2008		HTX	6-0	220	2	1	RB
Chester Taylor	2003	2006	6-207	TOT	5-11	213	4	21	RB
Ben Tate	2011	2013	2-58	HTX	5-11	220	3	9	RB
Thomas Tapeh	2004	2008	5-162	TOT	6-1	243	4	2	RB
Phillip Tanner	2011	2013		DAL	6-0	214	3	2	RB
Naufahu Tahi	2007	2010		MIN	6-0	230	4	1	RB
Will Ta'ufo'ou	2012	2013		JAX	5-11	253	2	0	RB
Tyrell Sutton	2009	2011		TOT	5-9	190	3	2	RB
Frank Summers	2009	2013	5-169	TOT	5-10	240	3	0	RB
Lee Suggs	2003	2006	4-115	TOT	6-0	205	4	8	RB
Byron Storer	2007	2008		TAM	6-1	219	2	0	RB
Jonathan Stewart	2008	2012	1-13	CAR	5-11	235	5	32	RB
Jeremy Stewart	2012	2013		RAI	6-1	218	2	1	RB
LaRod Stephens-Howling	2009	2013	7-240	TOT	5-7	180	5	10	RB
Aaron Stecker	2003	2004		TOT	5-10	213	2	5	RB
James Starks	2010	2013	6-193	GNB	6-1	203	4	11	RB
Matt Stanley	2004	2004		SFO	6-3	245	1	0	RB
Charles Stackhouse	2003	2003		MIN	6-2	250	1	0	RB
Darren Sproles	2005	2010	4-130	SDG	5-6	181	5	30	RB
C.J. Spiller	2010	2013	1-9	BUF	5-11	194	4	23	RB
Olaniyi Sobomehin	2008	2008		NOR	6-1	230	1	0	RB
Jason Snelling	2007	2011	7-244	ATL	5-11	235	5	17	RB
Terrelle Smith	2003	2004	4-96	TOT	6-0	246	2	0	RB
Paul Smith	2003	2005	5-132	DET	5-11	234	2	1	RB
Onterrio Smith	2003	2004	4-105	MIN	5-10	214	2	14	RB
Musa Smith	2003	2007	3-77	RAV	6-0	232	5	6	RB
Michael Smith	2012	2013	7-212	TAM	5-9	205	2	0	RB
Kolby Smith	2007	2009	5-148	KAN	5-11	214	3	4	RB
Kevin Smith	2008	2012	3-64	DET	6-0	210	5	20	RB
Clifton Smith	2008	2009		TAM	5-8	190	2	2	RB
Armond Smith	2011	2013		TOT	5-9	194	3	0	RB
Antone Smith	2010	2013		ATL	5-9	190	4	0	RB
Alfonso Smith	2010	2013		CRD	6-1	208	4	1	RB
Rod Smart	2003	2005		CAR	5-11	201	3	1	RB
Ian Smart	2004	2004		TAM	5-8	192	1	0	RB
Steve Slaton	2008	2010	3-89	HTX	5-10	195	3	20	RB
James Sims	2006	2006		NYG	6-0	211	1	0	RB
Chad Simpson	2008	2010		TOT	5-9	216	3	3	RB
Ken Simonton	2003	2003		BUF	5-8	191	1	0	RB
John Simon	2003	2003		WAS	5-11	202	1	0	RB
Marcel Shipp	2003	2006		CRD	5-11	230	3	10	RB
Anthony Sherman	2011	2013	5-136	TOT	5-10	242	3	1	RB
Eric Shelton	2006	2006	2-54	CAR	6-1	246	1	0	RB
Kory Sheets	2009	2011		TOT	5-11	203	2	0	RB
Da'Rel Scott	2011	2013	7-221	NYG	5-11	211	3	0	RB
Bernard Scott	2009	2013	6-209	CIN	5-10	200	5	9	RB
Josh Scobey	2003	2006	6-185	TOT	6-0	222	4	3	RB
Owen Schmitt	2008	2012	5-163	TOT	6-2	251	5	1	RB
Dantrell Savage	2008	2009		KAN	5-8	187	2	1	RB
Cecil Sapp	2003	2007		DEN	5-11	229	5	2	RB
B.J. Sams	2004	2008		TOT	5-10	185	5	2	RB
Brandon Saine	2011	2012		GNB	5-11	220	2	1	RB
Gary Russell	2007	2009		TOT	5-10	205	3	1	RB
J.D. Runnels	2006	2006	6-195	CHI	5-11	237	1	0	RB
Evan Royster	2011	2013	6-177	WAS	6-0	212	3	4	RB
Derrick Ross	2006	2006		KAN	5-10	226	1	0	RB
Cory Ross	2006	2007		RAV	5-6	201	2	0	RB
Evan Rodriguez	2012	2012	4-111	CHI	6-1	242	1	0	RB
Jacquizz Rodgers	2011	2013	5-145	ATL	5-6	196	3	10	RB
Jamal Robertson	2003	2006		TOT	5-10	210	3	1	RB
Javon Ringer	2009	2012	5-173	OTI	5-9	200	4	5	RB
Stevan Ridley	2011	2013	3-73	NWE	5-11	225	3	14	RB
Trent Richardson	2012	2012	1-3	CLE	5-9	228	1	6	RB
Daryl Richardson	2012	2013	7-252	RAM	5-10	192	2	4	RB
Ray Rice	2008	2012	2-55	RAV	5-9	195	5	66	RB
Alan Ricard	2003	2005		RAV	5-11	237	3	2	RB
Dominic Rhodes	2003	2006		CLT	5-9	203	4	17	RB
Joffrey Reynolds	2003	2003		RAM	5-10	221	1	0	RB
Chase Reynolds	2011	2013		RAM	6-0	195	3	0	RB
Darius Reynaud	2008	2013		TOT	5-9	201	5	3	RB
Marcel Reece	2009	2013		RAI	6-3	240	5	12	RB
J.R. Redmond	2003	2004	3-76	RAI	5-11	215	2	3	RB
Isaac Redman	2009	2013		PIT	6-0	230	5	9	RB
Chris Rainey	2012	2012	5-159	PIT	5-8	180	1	1	RB
Bobby Rainey	2012	2013		TOT	5-8	205	2	0	RB
Chris Pressley	2009	2013		TOT	5-11	257	4	0	RB
William Powell	2011	2012		CRD	5-9	207	2	2	RB
Bilal Powell	2011	2013	4-126	NYJ	5-11	207	3	3	RB
Clinton Portis	2003	2006	2-51	TOT	5-11	205	4	41	RB
Quinn Porter	2011	2011		RAM	6-0	205	1	0	RB
P.J. Pope	2006	2008		TOT	5-9	212	2	1	RB
Chris Polk	2012	2013		PHI	5-11	222	2	0	RB
Lousaka Polite	2004	2008		TOT	6-0	246	5	2	RB
Antonio Pittman	2007	2008	4-107	RAM	5-11	207	2	3	RB
Andrew Pinnock	2003	2007	7-229	SDG	5-10	260	5	1	RB
Artose Pinner	2003	2007	4-99	TOT	5-10	232	5	8	RB
Bernard Pierce	2012	2013	3-84	RAV	6-0	218	2	4	RB
Adrian Peterson	2007	2011	1-7	MIN	6-2	217	5	58	RB
Adrian Peterson	2003	2006	6-199	CHI	5-10	210	4	4	RB
Chris Perry	2004	2008	1-26	CIN	6-0	224	4	9	RB
Bruce Perry	2005	2006	7-242	PHI	5-10	200	2	0	RB
Cedric Peerman	2009	2013	6-185	TOT	5-9	210	5	3	RB
Alvin Pearman	2005	2009	4-127	TOT	5-9	208	5	5	RB
Isaiah Pead	2012	2013	2-50	RAM	5-10	197	2	0	RB
Jarrett Payton	2005	2005		OTI	6-0	220	1	1	RB
Patrick Pass	2003	2004	7-239	NWE	5-10	217	2	4	RB
Josh Parry	2004	2006		TOT	6-2	250	3	2	RB
Jalen Parmele	2008	2012	6-176	TOT	6-0	224	4	1	RB
Willie Parker	2004	2008		PIT	5-10	209	5	45	RB
Montell Owens	2006	2010		JAX	5-10	219	5	0	RB
Xavier Omon	2008	2011	6-179	TOT	5-11	226	3	0	RB
Jamize Olawale	2012	2013		RAI	6-1	240	2	0	RB
Chris Ogbonnaya	2009	2013	7-211	TOT	6-0	220	3	2	RB
Oren O'Neal	2007	2009	6-175	RAI	6-0	243	2	0	RB
Jerious Norwood	2006	2010	3-79	ATL	6-0	205	5	21	RB
Moran Norris	2003	2005	4-115	HTX	6-1	250	3	0	RB
Larry Ned	2003	2004	6-197	MIN	5-11	217	2	0	RB
Spencer Nead	2003	2003	7-234	RAM	6-4	259	1	0	RB
Damien Nash	2005	2006	5-142	TOT	5-10	215	2	1	RB
Dimitri Nance	2010	2010		GNB	5-9	224	1	1	RB
DeMarco Murray	2011	2013	3-71	DAL	6-0	213	3	13	RB
Richard Murphy	2011	2012		JAX	6-1	208	2	0	RB
James Mungro	2003	2005		CLT	5-9	214	3	2	RB
Ovie Mughelli	2003	2007	4-134	TOT	6-1	260	5	2	RB
Chad Morton	2003	2004	5-166	WAS	5-8	203	2	4	RB
Sammy Morris	2003	2004	5-156	TOT	6-0	220	2	5	RB
Maurice Morris	2003	2006	2-54	SEA	5-11	202	4	10	RB
Alfred Morris	2012	2013	6-173	WAS	5-9	219	2	13	RB
Knowshon Moreno	2009	2013	1-12	DEN	5-10	215	5	21	RB
Vernand Morency	2005	2007	3-73	TOT	5-9	212	2	5	RB
Mewelde Moore	2004	2008	4-119	TOT	5-11	210	5	26	RB
Devin Moore	2010	2012		TOT	5-10	191	2	0	RB
Collin Mooney	2012	2013		OTI	5-10	247	2	0	RB
Ryan Moats	2005	2009	3-77	TOT	5-8	210	4	7	RB
Brandon Miree	2006	2006	7-247	GNB	5-11	237	1	0	RB
Travis Minor	2003	2005	3-85	MIA	5-10	205	3	4	RB
Garrett Mills	2007	2011	4-106	TOT	6-1	230	3	1	RB
Lonyae Miller	2010	2012		TOT	5-11	220	3	0	RB
Lamar Miller	2012	2013	4-97	MIA	5-11	212	2	2	RB
Bruce Miller	2011	2013	7-211	SFO	6-1	254	3	2	RB
Brit Miller	2009	2012		TOT	6-1	250	4	1	RB
Rashard Mendenhall	2008	2012	1-23	PIT	5-11	210	5	28	RB
Richard Medlin	2011	2011		MIA	5-11	200	1	0	RB
Kevin McLeod	2003	2003	6-182	CLE	6-0	250	1	0	RB
Joe McKnight	2010	2012	4-112	NYJ	6-0	190	3	6	RB
Jason McKie	2003	2006		CHI	5-11	240	4	2	RB
Corey McIntyre	2005	2009		TOT	6-0	245	5	1	RB
Sean McHugh	2004	2008	7-241	TOT	6-5	265	5	2	RB
Dusty McGrorty	2004	2004		RAM	5-10	218	1	0	RB
Willis McGahee	2004	2008	1-23	TOT	6-0	228	5	42	RB
Darren McFadden	2008	2012	1-4	RAI	6-2	210	5	30	RB
Sultan McCullough	2003	2003		WAS	6-0	197	1	0	RB
LeSean McCoy	2009	2013	2-53	PHI	5-10	215	5	37	RB
Eric McCoo	2004	2004		PHI	5-10	210	1	1	RB
Le'Ron McClain	2007	2011	4-137	TOT	6-0	260	5	13	RB
Deuce McAllister	2003	2005	1-23	NOR	6-1	232	3	28	RB
Reagan Mauia	2007	2012	6-181	TOT	6-0	348	5	0	RB
Ryan Mathews	2010	2013	1-12	SDG	6-0	220	4	26	RB
Marcus Mason	2009	2009		WAS	5-9	215	1	1	RB
Jamar Martin	2003	2006	4-129	TOT	5-11	256	3	0	RB
Doug Martin	2012	2013	1-31	TAM	5-9	223	2	14	RB
Cecil Martin	2003	2003	6-172	TAM	6-0	235	1	0	RB
Laurence Maroney	2006	2010	1-21	TOT	5-11	210	5	27	RB
Owen Marecic	2011	2013	4-124	TOT	6-1	248	3	0	RB
Marcus Mailei	2009	2009		NOR	6-1	245	1	0	RB
Reno Mahe	2003	2007		PHI	5-10	212	5	3	RB
Ryan Mahaffey	2011	2011		CLT	6-2	257	1	0	RB
Mossis Madu	2011	2011		TAM	6-0	197	1	1	RB
Nick Maddox	2003	2003		CLE	5-11	209	1	0	RB
Malaefou MacKenzie	2003	2003	7-218	JAX	5-10	238	1	0	RB
Stacey Mack	2003	2003		HTX	6-1	241	1	2	RB
Marshawn Lynch	2007	2011	1-12	TOT	5-11	215	4	30	RB
James Lynch	2004	2004		CIN	5-11	276	1	0	RB
Wali Lundy	2006	2006	6-170	HTX	5-10	215	1	5	RB
Kregg Lumpkin	2008	2012		TOT	5-11	222	4	3	RB
Nick Luchey	2003	2003	5-135	GNB	6-2	270	1	0	RB
Erik Lorig	2010	2013	7-253	TAM	6-4	265	4	2	RB
Tom Lopienski	2003	2004		CLT	6-0	246	2	0	RB
Stefan Logan	2009	2012		TOT	5-7	177	4	2	RB
Jamal Lewis	2003	2005	1-5	RAV	5-11	240	3	29	RB
Dion Lewis	2011	2013	5-149	TOT	5-7	193	3	2	RB
Mikel Leshoure	2011	2013	2-57	DET	6-0	227	3	5	RB
Brian Leonard	2007	2011	2-52	TOT	6-2	226	5	8	RB
ReShard Lee	2004	2006		TOT	5-10	220	3	2	RB
Vonta Leach	2004	2008		TOT	6-0	246	4	2	RB
George Layne	2003	2003	4-108	ATL	5-11	250	1	0	RB
Luke Lawton	2005	2009		TOT	5-11	237	4	0	RB
Matt Lawrence	2009	2011		RAV	6-1	210	2	0	RB
Billy Latsko	2010	2010		SDG	5-10	233	1	0	RB
Spencer Larsen	2008	2012	6-183	TOT	6-2	235	5	4	RB
Jorvorskie Lane	2012	2012		MIA	5-11	277	1	1	RB
John Kuhn	2006	2010		TOT	6-0	255	5	4	RB
Dan Kreider	2003	2004		PIT	5-11	255	2	2	RB
Rob Konrad	2003	2003	2-43	MIA	6-3	255	1	2	RB
David Kirtman	2007	2008	5-163	TOT	6-0	232	2	0	RB
Vick King	2004	2004		MIA	5-10	215	1	0	RB
Keylon Kincade	2006	2006		DAL	5-11	208	1	0	RB
Kenton Keith	2007	2007		CLT	5-11	198	1	6	RB
Mike Karney	2004	2008	5-156	NOR	5-11	254	5	2	RB
Deji Karim	2010	2012	6-180	TOT	5-11	200	3	4	RB
Delvin Joyce	2003	2003		NYG	5-7	195	1	0	RB
Keith Joseph	2006	2006		NOR	6-2	223	1	0	RB
LaMont Jordan	2003	2005	2-49	TOT	5-10	230	3	17	RB
Maurice Jones-Drew	2006	2010	2-60	JAX	5-8	205	5	63	RB
Thomas Jones	2003	2004	1-7	TOT	5-10	220	2	11	RB
Taiwan Jones	2011	2013	4-125	RAI	6-0	194	3	1	RB
Kevin Jones	2004	2008	1-30	TOT	6-0	228	5	29	RB
Julius Jones	2004	2008	2-43	TOT	5-10	210	5	36	RB
Greg Jones	2004	2009	2-55	JAX	6-1	248	5	9	RB
Felix Jones	2008	2012	1-22	DAL	6-0	200	5	28	RB
Dominique Jones	2012	2013		CLT	6-3	255	2	0	RB
Will Johnson	2012	2013		PIT	6-2	240	2	1	RB
Rudi Johnson	2003	2005	4-100	CIN	5-10	220	3	33	RB
Quinn Johnson	2009	2013	5-145	TOT	6-0	251	5	0	RB
Marquis Johnson	2010	2010		RAM	6-3	225	1	0	RB
Larry Johnson	2003	2007	1-27	KAN	6-1	228	5	46	RB
Kyle Johnson	2004	2007	5-145	DEN	6-0	242	4	4	RB
Jerome Johnson	2010	2010		CRD	6-0	258	1	0	RB
Jeremiah Johnson	2011	2012		DEN	5-9	209	2	1	RB
Jeremi Johnson	2003	2007	4-118	CIN	5-11	265	5	4	RB
James Johnson	2008	2008		CIN	5-11	202	1	0	RB
Gartrell Johnson	2009	2010	4-134	TOT	5-10	222	2	0	RB
Chris Johnson	2008	2012	1-24	OTI	5-11	195	5	61	RB
Bryan Johnson	2003	2004		TOT	6-1	245	2	1	RB
Rashad Jennings	2009	2013	7-250	TOT	6-1	234	5	10	RB
Chris Jennings	2009	2009		CLE	5-10	218	1	2	RB
Ronney Jenkins	2003	2003		RAI	5-11	185	1	0	RB
LaMichael James	2012	2013	2-61	SFO	5-8	194	2	1	RB
Javarris James	2010	2012		TOT	6-0	213	2	1	RB
Edgerrin James	2003	2003	1-4	CLT	6-0	214	1	15	RB
Brandon James	2010	2010		CLT	5-7	182	1	0	RB
Brandon Jacobs	2005	2009	4-110	NYG	6-4	256	5	30	RB
Terry Jackson	2003	2003	5-157	SFO	6-0	232	1	0	RB
Steven Jackson	2004	2008	1-24	RAM	6-3	229	5	49	RB
Ray Jackson	2003	2003		OTI	6-1	223	1	0	RB
Rashawn Jackson	2010	2010		CAR	6-0	243	1	0	RB
Marlion Jackson	2006	2006		ATL	6-2	240	1	0	RB
James Jackson	2003	2005	3-65	TOT	5-10	215	2	4	RB
Fred Jackson	2007	2011		BUF	6-1	215	5	35	RB
Brandon Jackson	2007	2011	2-63	TOT	5-11	210	5	17	RB
Chris Ivory	2010	2013		TOT	6-0	222	4	9	RB
Jasen Isom	2003	2004		SFO	6-0	243	2	0	RB
Mark Ingram	2011	2013	1-28	NOR	5-9	215	3	8	RB
Emil Igwenagu	2012	2013		PHI	6-2	245	2	0	RB
Henry Hynoski	2011	2013		NYG	6-1	266	3	2	RB
Kendall Hunter	2011	2013	4-115	SFO	5-7	199	3	8	RB
Tony Hunt	2007	2008	3-90	PHI	6-2	233	2	0	RB
Robert Hughes	2011	2013		TOT	5-11	235	3	0	RB
Kareem Huggins	2009	2013		TOT	5-9	198	3	0	RB
Oliver Hoyte	2006	2007		DAL	6-3	247	2	0	RB
Cedric Houston	2005	2006	6-182	NYJ	5-11	225	2	5	RB
Brad Hoover	2003	2004		CAR	6-0	242	2	4	RB
Tony Hollings	2003	2005		HTX	5-10	216	3	2	RB
James Hodgins	2003	2003		CRD	6-1	274	1	0	RB
Ronnie Hillman	2012	2013	3-67	DEN	5-9	200	2	3	RB
Peyton Hillis	2008	2012	7-227	TOT	6-1	240	5	20	RB
Lex Hilliard	2009	2013	6-204	TOT	5-11	231	4	3	RB
Tim Hightower	2008	2011	5-149	TOT	6-0	226	4	20	RB
Dwone Hicks	2003	2003		OTI	5-10	222	1	0	RB
Jacob Hester	2008	2012	3-69	TOT	5-11	230	5	7	RB
Noah Herron	2006	2006	7-244	GNB	5-11	224	1	2	RB
Dan Herron	2012	2012	6-191	CIN	5-10	213	1	0	RB
Travis Henry	2003	2005	2-58	TOT	5-9	215	3	15	RB
Leonard Henry	2004	2004	7-241	MIA	6-1	210	1	1	RB
Chris J. Henry	2007	2010	2-50	TOT	6-2	230	4	1	RB
Roy Helu	2011	2013	4-105	WAS	6-0	219	3	6	RB
Madison Hedgecock	2005	2009	7-251	TOT	6-3	266	4	2	RB
Verron Haynes	2003	2006	5-166	PIT	5-10	223	4	8	RB
Alex Haynes	2007	2007		CAR	5-10	223	1	0	RB
Stanley Havili	2011	2013	7-240	TOT	6-0	227	3	0	RB
Mike Hart	2008	2010	6-202	CLT	5-9	195	3	3	RB
Jerome Harrison	2006	2009	5-145	CLE	5-9	195	4	11	RB
Kay-Jay Harris	2006	2006		RAM	6-0	229	1	0	RB
Joey Harris	2004	2004		CAR	5-10	205	1	0	RB
Gilbert Harris	2007	2007		KAN	6-2	235	1	0	RB
DuJuan Harris	2011	2013		TOT	5-7	197	3	1	RB
Arlen Harris	2003	2006		TOT	5-10	212	4	6	RB
Jamie Harper	2011	2012	4-130	OTI	5-11	233	2	1	RB
Montario Hardesty	2011	2013	2-59	CLE	6-0	225	3	4	RB
Lynell Hamilton	2008	2009		NOR	6-0	235	2	1	RB
Justin Hamilton	2006	2008	7-222	TOT	6-3	217	2	0	RB
Troy Hambrick	2003	2004		TOT	6-1	233	2	7	RB
Korey Hall	2007	2011	6-192	TOT	6-1	230	5	0	RB
Andre Hall	2007	2008		DEN	5-9	205	2	3	RB
Ahmard Hall	2006	2010		OTI	5-11	235	5	5	RB
Chris Gronkowski	2010	2012		TOT	6-2	239	3	0	RB
Justin Griffith	2003	2007	4-121	TOT	5-11	232	5	11	RB
Quentin Griffin	2003	2004	4-108	DEN	5-7	195	2	6	RB
John Griffin	2012	2013		NYJ	5-10	208	2	0	RB
Shonn Greene	2009	2013	3-65	TOT	5-10	235	5	21	RB
BenJarvus Green-Ellis	2008	2012		TOT	5-11	215	5	30	RB
William Green	2003	2005	1-16	CLE	6-0	215	3	9	RB
Justin Green	2005	2007	5-158	RAV	5-11	250	3	0	RB
Alex Green	2011	2013	3-96	TOT	6-0	225	3	5	RB
Cyrus Gray	2012	2013	6-182	KAN	5-10	206	2	0	RB
Ryan Grant	2007	2011		GNB	6-1	218	5	37	RB
Earnest Graham	2004	2008		TAM	5-9	215	5	15	RB
Frank Gore	2005	2009	3-65	SFO	5-9	215	5	51	RB
Richard Gordon	2011	2012	6-181	RAI	6-3	265	2	0	RB
Lamar Gordon	2003	2006	3-84	TOT	6-1	228	4	6	RB
Joey Goodspeed	2003	2004		RAM	6-1	247	2	1	RB
Mike Goodson	2009	2013	4-111	TOT	5-11	195	5	7	RB
Nick Goings	2003	2005		CAR	6-0	225	3	13	RB
Toby Gerhart	2010	2013	2-51	MIN	6-0	234	4	11	RB
Lionel Gates	2007	2007	7-236	TAM	6-1	233	1	0	RB
Olandis Gary	2003	2003	4-127	DET	5-11	218	1	3	RB
Quinton Ganther	2006	2009	7-246	TOT	5-10	215	4	3	RB
Terrance Ganaway	2012	2012	6-202	RAM	6-0	239	1	0	RB
Samkon Gado	2005	2009		TOT	5-11	210	3	4	RB
DeShaun Foster	2003	2007	2-34	CAR	6-0	222	5	31	RB
Arian Foster	2009	2013		HTX	6-0	232	5	46	RB
John Paul Foschi	2005	2010		TOT	6-4	270	5	2	RB
Matt Forte	2008	2012	2-44	CHI	6-1	221	5	53	RB
Brock Forsey	2003	2004	6-206	TOT	5-11	203	2	2	RB
Justin Forsett	2009	2012	7-233	TOT	5-8	190	4	16	RB
Troy Fleming	2004	2005	6-191	OTI	6-2	230	2	3	RB
Tony Fisher	2003	2006		TOT	6-1	222	4	14	RB
Jim Finn	2003	2004	7-253	NYG	6-0	245	2	2	RB
Tony Fiammetta	2009	2013	4-128	TOT	6-0	246	5	0	RB
James Fenderson	2003	2003		NOR	5-9	200	1	0	RB
Jerome Felton	2008	2012	5-146	TOT	6-0	246	4	2	RB
Kevin Faulk	2003	2003	2-46	NWE	5-8	202	1	8	RB
Ciatrick Fason	2005	2006	4-112	MIN	6-1	207	2	1	RB
Justin Fargas	2003	2007	3-96	RAI	6-1	220	5	13	RB
Bradie Ewing	2012	2013	5-157	ATL	6-0	239	2	0	RB
Heath Evans	2003	2004	3-82	SEA	6-0	245	2	1	RB
Darren Evans	2011	2012		TOT	6-0	220	2	0	RB
Rhett Ellison	2012	2013	4-128	MIN	6-5	251	2	1	RB
Chris Edmonds	2003	2003		CIN	6-3	250	1	0	RB
Kyle Eckel	2007	2009		TOT	5-11	237	3	1	RB
Adimchinobe Echemandu	2004	2006	7-208	TOT	5-10	225	3	0	RB
Omar Easy	2003	2005	4-107	TOT	6-2	245	3	0	RB
Doug Easlick	2004	2004		MIA	5-11	243	1	0	RB
Nate Eachus	2012	2012		KAN	5-10	212	1	0	RB
Jonathan Dwyer	2010	2013	6-188	PIT	5-11	235	4	6	RB
Lance Dunbar	2012	2013		DAL	5-8	191	2	1	RB
Kevin Dudley	2005	2006		ATL	6-0	238	2	0	RB
T.J. Duckett	2003	2006	1-18	TOT	6-0	254	4	15	RB
Reuben Droughns	2003	2005	3-81	TOT	5-11	207	3	21	RB
Shaun Draughn	2011	2013		TOT	6-0	205	3	2	RB
Robert Douglas	2007	2007		NYG	6-1	237	1	0	RB
De De Dorsey	2006	2008		TOT	6-0	193	3	2	RB
Anthony Dixon	2010	2013	6-173	SFO	6-1	239	4	3	RB
Patrick DiMarco	2012	2013		TOT	6-1	240	2	0	RB
Dahrran Diedrick	2004	2004		WAS	6-0	225	1	0	RB
Dorin Dickerson	2011	2012		TOT	6-4	226	2	1	RB
James Develin	2011	2013		TOT	6-3	251	3	0	RB
Jeff Demps	2012	2013		TOT	5-7	175	2	0	RB
Ron Dayne	2004	2005	1-11	TOT	5-10	250	2	3	RB
Clifton Dawson	2008	2008		CLT	5-10	212	1	0	RB
Jason Davis	2009	2009		CLE	5-10	245	1	0	RB
Chris Davis	2003	2003	5-165	SEA	5-11	235	1	0	RB
Carey Davis	2007	2009		PIT	5-10	225	3	1	RB
Najeh Davenport	2003	2006	4-135	TOT	6-1	245	4	11	RB
Kenneth Darby	2007	2010	7-246	TOT	5-10	214	4	4	RB
Woodrow Dantzler	2003	2003		ATL	5-10	209	1	0	RB
Ryan D'Imperio	2011	2011	7-237	MIN	6-2	241	1	0	RB
Dan Curley	2003	2003	5-148	RAM	6-4	254	1	0	RB
Ronnie Cruz	2005	2006		KAN	6-0	237	2	0	RB
Phillip Crosby	2003	2003		BUF	6-0	242	1	0	RB
Larry Croom	2004	2004		CRD	5-10	205	1	1	RB
Casey Cramer	2004	2008	7-228	TOT	6-2	235	5	0	RB
Mike Cox	2008	2012		TOT	6-0	259	5	1	RB
Jameel Cook	2003	2005	6-174	TAM	5-10	237	3	1	RB
John Conner	2010	2013	5-139	TOT	5-11	240	3	0	RB
Jed Collins	2011	2013		NOR	6-1	255	3	2	RB
Derrick Coleman	2012	2013		SEA	6-0	233	2	0	RB
Alonzo Coleman	2008	2008		DAL	5-10	204	1	0	RB
Glen Coffee	2009	2009	3-74	SFO	6-1	200	1	2	RB
Avon Cobourne	2003	2003		DET	5-8	205	1	0	RB
Patrick Cobbs	2006	2010		MIA	5-9	210	5	4	RB
Cedric Cobbs	2004	2006	4-128	TOT	6-1	225	2	0	RB
DeAndra Cobb	2005	2005	6-201	ATL	5-10	196	1	0	RB
Tyler Clutts	2011	2013		TOT	6-2	260	3	0	RB
Mike Cloud	2003	2003	2-54	NWE	5-10	205	1	1	RB
Thomas Clayton	2011	2011		CLE	5-11	225	1	0	RB
John Clay	2011	2011		PIT	6-1	248	1	0	RB
Charles Clay	2011	2013	6-174	MIA	6-3	245	3	4	RB
Tashard Choice	2008	2012	4-122	TOT	5-9	210	4	11	RB
Jesse Chatman	2003	2008		TOT	5-8	215	4	10	RB
Jamaal Charles	2008	2012	3-73	KAN	6-1	200	5	39	RB
Kory Chapman	2005	2005		CLT	6-1	202	1	0	RB
Doug Chapman	2003	2003	3-88	MIN	5-10	213	1	0	RB
Shaun Chapas	2011	2013	7-220	TOT	6-2	247	3	0	RB
Jehuu Caulcrick	2010	2010		BUF	6-0	255	1	0	RB
Tim Castille	2008	2010		TOT	5-11	242	3	1	RB
Aveion Cason	2003	2005		TOT	5-10	204	3	3	RB
Rock Cartwright	2003	2006	7-257	WAS	5-7	223	4	7	RB
Ran Carthon	2005	2006		CLT	6-0	218	2	0	RB
Kerry Carter	2003	2004		SEA	6-1	238	2	0	RB
Delone Carter	2011	2012	4-119	CLT	5-9	222	2	3	RB
Trung Canidate	2003	2003	1-31	WAS	5-11	205	1	5	RB
Brian Calhoun	2006	2007	3-74	DET	5-10	200	2	1	RB
Travaris Cadet	2012	2013		NOR	6-1	210	2	0	RB
Terry Butler	2005	2005		NYJ	6-1	200	1	0	RB
Reggie Bush	2006	2010	1-2	NOR	6-0	200	5	39	RB
Michael Bush	2008	2012	4-100	TOT	6-2	243	5	24	RB
Joe Burns	2003	2005		BUF	5-9	215	3	2	RB
Eldra Buckley	2009	2011		TOT	5-9	202	3	1	RB
Correll Buckhalter	2003	2008	4-121	PHI	6-0	222	4	18	RB
Shawn Bryson	2003	2004	3-86	DET	6-1	228	2	10	RB
Ronnie Brown	2005	2009	1-2	MIA	6-0	233	5	36	RB
Donald Brown	2009	2013	1-27	CLT	5-11	210	5	17	RB
Dee Brown	2003	2006	6-175	TOT	5-10	209	4	0	RB
Dante Brown	2004	2004		PIT	6-1	218	1	0	RB
Chris Brown	2003	2007	3-93	OTI	6-3	219	5	23	RB
Bryce Brown	2012	2013	7-229	PHI	6-0	223	2	3	RB
Andre Brown	2011	2013	4-129	NYG	6-0	224	3	4	RB
Aaron Brown	2009	2011	6-192	DET	6-0	196	3	2	RB
Nehemiah Broughton	2005	2006	7-222	WAS	5-11	250	2	0	RB
Curtis Brinkley	2010	2012		SDG	5-9	208	3	2	RB
Jamaal Branch	2006	2007		NOR	6-0	225	2	0	RB
Ahmad Bradshaw	2007	2011	7-250	NYG	5-11	195	5	28	RB
Jon Bradley	2004	2007		TOT	6-1	302	4	3	RB
Allen Bradford	2012	2012	6-187	SEA	5-11	242	1	0	RB
Cory Boyd	2008	2008	7-238	DEN	6-1	212	1	0	RB
R.J. Bowers	2003	2003		CLE	6-0	250	1	0	RB
Lorenzo Booker	2007	2011	3-71	TOT	5-11	191	4	4	RB
Brock Bolen	2009	2011		JAX	6-0	238	3	0	RB
Brandon Bolden	2012	2013		NWE	5-11	220	2	2	RB
LeGarrette Blount	2010	2013		TOT	6-1	245	4	13	RB
Derrick Blaylock	2003	2006	5-150	TOT	5-9	205	4	10	RB
Erik Bickerstaff	2003	2003		DAL	6-0	230	1	0	RB
Ladell Betts	2003	2006	2-56	WAS	5-10	222	4	22	RB
Jahvid Best	2010	2012	1-30	DET	5-9	190	3	13	RB
Cedric Benson	2005	2009	1-4	TOT	5-11	222	5	24	RB
Michael Bennett	2003	2005	1-27	MIN	5-9	211	3	13	RB
Brandon Bennett	2003	2003		CIN	5-11	220	1	3	RB
Tatum Bell	2004	2008	2-41	TOT	5-11	190	5	23	RB
Mike Bell	2006	2009		TOT	6-0	215	4	11	RB
Kahlil Bell	2009	2011		CHI	6-0	219	2	4	RB
Joique Bell	2011	2013		DET	5-11	220	3	6	RB
Jarrod Baxter	2004	2005	5-136	TOT	6-1	245	2	0	RB
Jackie Battle	2007	2011		KAN	6-2	238	5	3	RB
Baron Batch	2011	2012	7-232	PIT	5-9	200	2	1	RB
Darian Barnes	2003	2006		TOT	6-2	250	4	1	RB
Kevan Barlow	2003	2005	3-80	SFO	6-1	238	3	21	RB
Marion Barber	2005	2009	4-109	DAL	5-11	221	5	39	RB
Vick Ballard	2012	2013	5-170	CLT	5-10	219	2	5	RB
Lance Ball	2008	2012		TOT	5-9	223	4	7	RB
Josh Baker	2011	2011		NYJ	6-3	244	1	0	RB
Obafemi Ayanbadejo	2003	2003		MIA	6-2	235	1	0	RB
John Avery	2003	2003	1-29	MIN	5-9	188	1	0	RB
B.J. Askew	2003	2007	3-85	TOT	6-3	233	5	3	RB
Matt Asiata	2012	2013		MIN	5-11	220	2	0	RB
J.J. Arrington	2005	2008	2-44	CRD	5-9	214	4	12	RB
Mike Anderson	2003	2005	6-189	DEN	6-0	230	2	13	RB
Jason Anderson	2005	2005		HTX	6-0	205	1	0	RB
Deon Anderson	2007	2010	6-185	DAL	5-10	248	4	1	RB
Damien Anderson	2003	2005		CRD	5-11	212	3	1	RB
Andre' Anderson	2010	2010		BUF	5-11	205	1	0	RB
Dwayne Allen	2012	2013	3-64	CLT	6-3	255	2	4	RB
David Allen	2003	2005		TOT	5-9	195	3	1	RB
Brian Allen	2003	2003	6-204	CLT	5-9	205	1	0	RB
Armando Allen	2011	2012		CHI	5-10	190	2	1	RB
Anthony Allen	2011	2012	7-225	RAV	6-1	228	2	1	RB
Charles Ali	2007	2008		CLE	6-2	260	2	0	RB
Rich Alexis	2005	2007		TOT	6-0	220	3	0	RB
Shaun Alexander	2003	2004	1-19	SEA	5-11	225	2	27	RB
Dan Alexander	2003	2003	6-192	RAM	6-0	257	1	0	RB
Joseph Addai	2006	2010	1-30	CLT	5-11	210	5	51	RB
Rabih Abdullah	2003	2003		CHI	6-0	220	1	1	RB
Dominique Zeigler	2008	2010		SFO	6-3	185	2	2	WR
Kevin Youngblood	2006	2006		ATL	6-5	215	1	0	WR
Walter Young	2003	2006	7-226	TOT	6-5	214	2	0	WR
Titus Young	2011	2012	2-44	DET	5-11	174	2	8	WR
Will Yeatman	2011	2013		MIA	6-5	268	3	0	WR
Devon Wylie	2012	2013	4-107	TOT	5-9	187	2	0	WR
Wallace Wright	2006	2009		NYJ	6-0	191	4	1	WR
Kendall Wright	2012	2013	1-20	OTI	5-10	196	2	5	WR
Jarius Wright	2012	2013	4-118	MIN	5-10	182	2	3	WR
Corey Wootton	2010	2013	4-109	CHI	6-6	271	4	8	WR
Rashaun Woods	2004	2004	1-31	SFO	6-2	202	1	1	WR
D'Juan Woods	2008	2008		JAX	6-1	210	1	0	WR
Billy Winn	2012	2013	6-205	CLE	6-4	294	2	6	WR
Travis Wilson	2006	2006	3-78	CLE	6-1	210	1	0	WR
George Wilson	2005	2010		BUF	6-0	210	5	10	WR
Cedrick Wilson	2003	2005	6-169	TOT	5-10	183	3	14	WR
Matt Willis	2007	2012		TOT	5-11	185	5	3	WR
Jason Willis	2004	2004		SEA	6-1	196	1	0	WR
Troy Williamson	2005	2009	1-7	TOT	6-1	203	5	8	WR
Stephen Williams	2010	2011		CRD	6-5	199	2	1	WR
Roydell Williams	2005	2010	4-136	TOT	6-1	192	4	10	WR
Roy E. Williams	2004	2007	1-7	DET	6-4	210	4	31	WR
Reggie Williams	2004	2008	1-9	JAX	6-4	225	5	25	WR
Randal Williams	2003	2005		TOT	6-3	220	3	2	WR
Paul Williams	2008	2008	3-80	OTI	6-1	205	1	0	WR
Mike Williams	2010	2013	4-101	TAM	6-2	204	4	23	WR
Mike Williams	2005	2011	1-10	TOT	6-5	229	4	12	WR
LaQuan Williams	2011	2012		RAV	6-0	201	2	0	WR
Kyle Williams	2010	2013	6-206	SFO	5-10	185	4	5	WR
James Williams	2003	2003	6-175	DET	5-10	186	1	0	WR
Derrick Williams	2009	2010	3-82	DET	5-11	197	2	0	WR
Demetrius Williams	2006	2010	4-111	TOT	6-1	190	5	9	WR
Damian Williams	2010	2013	3-77	OTI	6-1	190	4	9	WR
Brandon Williams	2006	2006	3-84	SFO	5-10	175	1	0	WR
Harry Williams Jr.	2005	2007	7-240	TOT	6-2	180	2	0	WR
Terrence Wilkins	2003	2003		CLT	5-10	180	1	0	WR
Ernest Wilford	2004	2008	4-120	TOT	6-4	218	5	22	WR
Roddy White	2005	2009	1-27	ATL	6-1	201	5	46	WR
Jordan White	2012	2012	7-244	NYJ	6-0	208	1	0	WR
Dez White	2003	2004	3-69	TOT	6-1	215	2	9	WR
Blair White	2010	2011		CLT	6-2	205	2	3	WR
Ernie Wheelwright	2008	2008		RAV	6-5	215	1	0	WR
Ryan Whalen	2011	2013	6-167	CIN	6-1	202	3	1	WR
Griff Whalen	2012	2013		CLT	6-1	185	2	0	WR
Chastin West	2011	2011		JAX	6-1	216	1	1	WR
Wes Welker	2005	2008		TOT	5-9	190	4	38	WR
Eric Weems	2007	2011		ATL	5-8	182	5	5	WR
Joe Webb	2010	2013	6-199	MIN	6-4	220	4	4	WR
Jeff Webb	2006	2008	6-190	KAN	6-2	200	3	2	WR
Reggie Wayne	2003	2005	1-30	CLT	6-0	198	3	39	WR
Darius Watts	2004	2005	2-54	DEN	6-2	190	2	4	WR
Todd Watkins	2008	2009	7-218	RAI	6-3	185	2	1	WR
Nate Washington	2005	2009		TOT	6-1	185	5	22	WR
Kelley Washington	2003	2007	3-65	TOT	6-3	218	5	8	WR
Peter Warrick	2003	2004	1-4	CIN	5-11	192	2	12	WR
Paris Warren	2006	2006	7-225	TAM	6-0	213	1	0	WR
LaShaun Ward	2003	2003		KAN	5-11	198	1	0	WR
Troy Walters	2003	2004	5-165	CLT	5-7	172	2	6	WR
Bryan Walters	2011	2013		TOT	6-0	190	3	0	WR
Kevin Walter	2003	2007	7-255	TOT	6-3	221	5	14	WR
Taco Wallace	2003	2005	7-224	TOT	6-1	190	3	0	WR
Roberto Wallace	2010	2011		MIA	6-4	225	2	0	WR
Mike Wallace	2009	2013	3-84	TOT	6-0	180	5	35	WR
Javon Walker	2003	2006	1-20	TOT	6-3	220	4	34	WR
Bobby Wade	2003	2007	5-139	TOT	5-10	193	4	14	WR
Scottie Vines	2004	2005		DET	6-2	220	2	4	WR
Marcus Vick	2006	2006		MIA	6-0	216	1	0	WR
Olivier Vernon	2012	2013	3-72	MIA	6-2	261	2	2	WR
Jerheme Urban	2004	2009		TOT	6-3	212	5	12	WR
Tiquan Underwood	2009	2013	7-253	TOT	6-1	175	5	5	WR
David Tyree	2003	2007	6-211	NYG	6-0	205	5	5	WR
Patrick Turner	2009	2012	3-87	TOT	6-5	221	4	1	WR
Verran Tucker	2010	2010		KAN	6-2	202	1	1	WR
Derrick Townsel	2010	2010		HTX	5-9	170	1	0	WR
Nick Toon	2012	2013	4-122	NOR	6-2	215	2	0	WR
Andrae Thurman	2004	2004		GNB	5-11	192	1	0	WR
Craphonso Thorpe	2007	2007	4-116	CLT	6-0	187	1	1	WR
Dominique Thompson	2005	2005		RAM	6-1	190	1	0	WR
Derrius Thompson	2003	2003		MIA	6-2	220	1	3	WR
Deonte Thompson	2012	2013		RAV	6-0	200	2	0	WR
Sloan Thomas	2005	2005	7-211	OTI	6-2	200	1	0	WR
Mike Thomas	2009	2011	4-107	JAX	5-8	187	3	20	WR
Devin Thomas	2008	2011	2-34	TOT	6-2	215	3	4	WR
Demaryius Thomas	2010	2013	1-22	DEN	6-3	229	4	19	WR
David Terrell	2003	2005	1-8	TOT	6-3	215	3	7	WR
Daniel Te'o-Nesheim	2010	2013	3-86	TOT	6-3	250	4	6	WR
Travis Taylor	2003	2004	1-10	RAV	6-1	210	2	11	WR
Kerry Taylor	2011	2013		TOT	6-0	197	3	0	WR
Jamaar Taylor	2004	2005	6-168	NYG	6-0	197	2	1	WR
Courtney Taylor	2007	2008	6-197	SEA	6-3	204	2	1	WR
Golden Tate	2010	2013	2-60	SEA	5-11	195	4	13	WR
Brandon Tate	2009	2013	3-83	TOT	6-1	195	5	11	WR
Reggie Swinton	2004	2005		TOT	6-0	186	2	2	WR
Limas Sweed	2008	2009	2-53	PIT	6-5	220	2	1	WR
Kevin Swayne	2003	2003		NYJ	6-1	191	1	0	WR
Brett Swain	2009	2011	7-217	TOT	6-1	200	3	1	WR
Chansi Stuckey	2008	2011	7-235	TOT	5-10	182	3	7	WR
Sammie Stroughter	2009	2012	7-233	TAM	5-9	182	4	5	WR
Tai Streets	2003	2003	6-171	SFO	6-3	207	1	6	WR
Rod Streater	2012	2013		RAI	6-3	200	2	4	WR
Maurice Stovall	2006	2010	3-90	TAM	6-4	215	5	5	WR
John Stone	2003	2004		RAI	5-11	180	2	1	WR
Brandon Stokley	2003	2003	4-105	CLT	5-11	197	1	3	WR
Syndric Steptoe	2008	2008	7-234	CLE	5-8	190	1	1	WR
Donald Stephenson	2012	2013	3-74	KAN	6-6	312	2	3	WR
Kendrick Starling	2004	2004		HTX	6-0	193	1	0	WR
Derek Stanley	2007	2009	7-249	RAM	6-0	173	3	1	WR
John Standeford	2008	2009		DET	6-4	206	2	2	WR
Donte Stallworth	2003	2006	1-13	TOT	6-0	197	4	24	WR
Micheal Spurlock	2006	2011		TOT	5-10	214	4	4	WR
Torrey Smith	2011	2013	2-58	RAV	6-1	204	3	16	WR
Taj Smith	2010	2010		CLT	6-0	194	1	0	WR
Steve Smith	2007	2011	2-51	TOT	6-0	195	5	23	WR
Steve Smith	2003	2005	3-74	CAR	5-9	185	3	30	WR
Richard Smith	2004	2004		KAN	5-10	191	1	0	WR
Marcus Smith	2008	2010	4-106	RAV	6-1	214	2	0	WR
Jonathan Smith	2004	2006	7-214	TOT	5-10	194	3	2	WR
O.J. Small	2005	2005		OTI	6-1	223	1	0	WR
Matt Slater	2008	2012	5-153	NWE	6-0	198	5	0	WR
Bobby Sippio	2007	2007		KAN	6-3	214	1	0	WR
Mike Sims-Walker	2008	2010	3-79	JAX	6-2	197	3	16	WR
Jerome Simpson	2008	2012	2-46	TOT	6-1	193	5	12	WR
Sam Simmons	2003	2003	5-170	MIA	5-9	200	1	0	WR
Cecil Shorts	2011	2013	4-114	JAX	6-0	205	3	7	WR
Jordan Shipley	2010	2011	3-84	CIN	5-11	190	2	5	WR
Edell Shepherd	2003	2006		TOT	6-1	175	3	1	WR
Bobby Shaw	2003	2003	6-169	BUF	6-1	185	1	5	WR
Chaz Schilens	2008	2012	7-226	TOT	6-4	225	5	8	WR
Jake Schifino	2003	2004	5-151	OTI	6-1	201	2	0	WR
Dane Sanzenbacher	2011	2013		TOT	5-11	180	2	2	WR
Mohamed Sanu	2012	2013	3-83	CIN	6-2	211	2	2	WR
Steve Sanders	2008	2008		CLE	6-3	201	1	0	WR
Emmanuel Sanders	2010	2013	3-82	PIT	5-11	186	4	10	WR
Demarco Sampson	2011	2011	7-249	CRD	6-2	204	1	0	WR
P.K. Sam	2004	2004	5-164	NWE	6-3	210	1	0	WR
Greg Salas	2011	2013	4-112	TOT	6-1	210	2	1	WR
Cliff Russell	2003	2008	3-87	TOT	5-11	193	5	0	WR
Eddie Royal	2008	2012	2-42	TOT	5-10	182	5	23	WR
Jeremy Ross	2011	2012		TOT	5-11	213	2	0	WR
Naaman Roosevelt	2010	2011		BUF	6-0	189	2	3	WR
Charles Rogers	2003	2005	1-2	DET	6-3	202	3	4	WR
Courtney Roby	2005	2010	3-68	TOT	6-0	189	4	4	WR
Brian Robiskie	2009	2012	2-36	TOT	6-2	207	3	3	WR
Michael Robinson	2006	2010	4-100	TOT	6-1	225	5	5	WR
Laurent Robinson	2007	2011	3-75	TOT	6-2	192	5	15	WR
Koren Robinson	2003	2005	1-9	TOT	6-1	205	3	17	WR
Aldrick Robinson	2011	2013	6-178	WAS	5-10	184	3	3	WR
Andre Roberts	2010	2013	3-88	CRD	5-11	192	4	11	WR
Dante Ridgeway	2005	2005	6-192	NYJ	5-11	206	1	0	WR
Brandon Rideau	2008	2008		CHI	6-3	198	1	0	WR
Sidney Rice	2007	2011	2-44	TOT	6-4	200	5	25	WR
Kendall Reyes	2012	2013	2-49	SDG	6-4	299	2	3	WR
Willie Reid	2006	2007	3-95	PIT	5-10	190	2	1	WR
Kerry Reed	2007	2007		MIA	6-1	201	1	0	WR
Josh Reed	2003	2006	2-36	BUF	5-10	208	4	15	WR
David Reed	2010	2013	5-156	TOT	6-0	188	4	2	WR
Jimmy Redmond	2003	2003		JAX	6-0	190	1	1	WR
Jamaica Rector	2006	2007		TOT	5-10	186	2	0	WR
Rueben Randle	2012	2013	2-63	NYG	6-4	210	2	3	WR
Antwaan Randle El	2003	2006	2-62	TOT	5-10	192	4	26	WR
Brian Quick	2012	2013	2-33	RAM	6-3	220	2	1	WR
Brad Pyatt	2003	2004		CLT	5-11	195	2	0	WR
Maurice Purify	2009	2009		CIN	6-3	229	1	0	WR
Julius Pruitt	2011	2011		MIA	6-2	206	1	0	WR
Taylor Price	2010	2013	3-90	TOT	6-0	204	3	1	WR
Peerless Price	2003	2003	2-53	ATL	5-11	190	1	9	WR
Michael Preston	2011	2013		OTI	6-5	206	3	0	WR
DeVier Posey	2012	2013	3-68	HTX	6-1	211	2	1	WR
Jerry Porter	2003	2004	2-47	RAI	6-2	220	2	12	WR
Nate Poole	2003	2005		TOT	6-2	204	3	2	WR
Willie Ponder	2003	2005	6-199	NYG	6-0	205	3	2	WR
Todd Pinkston	2003	2004	2-36	PHI	6-3	180	2	13	WR
Kealoha Pilares	2011	2013	5-132	CAR	5-10	199	3	1	WR
Austin Pettis	2011	2013	3-78	RAM	6-3	209	3	3	WR
Tab Perry	2005	2007	6-190	CIN	6-3	229	3	1	WR
Logan Payne	2008	2011		TOT	6-2	203	2	0	WR
Niles Paul	2011	2013	5-155	WAS	6-1	224	3	2	WR
Rich Parson	2005	2005		WAS	5-9	186	1	0	WR
Roscoe Parrish	2005	2009	2-55	BUF	5-10	168	5	12	WR
Samie Parker	2004	2007	4-105	KAN	5-11	190	4	14	WR
Preston Parker	2010	2012		TAM	6-0	200	3	4	WR
Eric Parker	2003	2006		SDG	6-0	180	4	32	WR
Nathan Palmer	2012	2012		CLT	5-11	195	1	0	WR
Chris Owusu	2012	2013		TAM	6-2	200	2	0	WR
Chad Owens	2005	2007	6-185	JAX	5-7	183	3	0	WR
Kassim Osgood	2003	2007		SDG	6-5	209	5	7	WR
Kevin Ogletree	2009	2012		DAL	6-2	190	4	5	WR
Ben Obomanu	2007	2012	7-249	SEA	6-0	203	5	10	WR
Jordan Norwood	2009	2012		TOT	5-11	179	3	3	WR
Dennis Northcutt	2003	2004	2-32	CLE	5-11	175	2	14	WR
Hakeem Nicks	2009	2013	1-29	NYG	6-0	210	5	34	WR
Kendall Newson	2003	2003	7-222	MIA	6-1	197	1	1	WR
Jamar Newsome	2012	2013		TOT	6-1	201	2	0	WR
Reggie Newhouse	2004	2005		CRD	6-1	191	2	0	WR
Jordy Nelson	2008	2012	2-36	GNB	6-3	215	5	33	WR
David Nelson	2010	2013		TOT	6-5	217	4	9	WR
Ben Nelson	2004	2004		MIN	6-2	185	1	0	WR
Martin Nance	2006	2006		MIN	6-5	215	1	0	WR
Legedu Naanee	2007	2011	5-172	TOT	6-2	225	5	14	WR
Terrence Murphy	2005	2005	2-58	GNB	6-1	202	1	0	WR
Louis Murphy	2009	2013	4-124	TOT	6-2	200	5	14	WR
Frank Murphy	2004	2004	6-170	TAM	6-0	206	1	0	WR
Derek Moye	2012	2013		PIT	6-5	210	2	0	WR
Sinorice Moss	2006	2009	2-44	NYG	5-8	185	4	4	WR
Santana Moss	2003	2005	1-16	TOT	5-10	185	3	33	WR
Kendrick Mosley	2006	2006		CLE	6-2	207	1	0	WR
J.J. Moses	2003	2005		TOT	5-6	178	3	0	WR
Quincy Morgan	2003	2005	2-33	TOT	6-1	210	2	7	WR
Josh Morgan	2008	2012	6-174	TOT	6-0	218	5	21	WR
Joe Morgan	2011	2013		NOR	6-1	184	3	3	WR
Donovan Morgan	2005	2005		HTX	6-2	187	1	0	WR
Sean Morey	2003	2005	7-241	TOT	5-11	200	3	0	WR
Johnnie Morant	2004	2006	5-134	RAI	6-4	229	3	0	WR
Aaron Moorehead	2003	2007		CLT	6-3	200	5	4	WR
Marlon Moore	2010	2013		TOT	6-0	190	4	2	WR
Lance Moore	2006	2010		NOR	5-9	177	5	21	WR
Kenneth Moore	2009	2010	5-136	TOT	5-10	195	2	1	WR
Denarius Moore	2011	2013	5-148	RAI	6-0	194	3	10	WR
Clarence Moore	2004	2006	6-199	RAV	6-6	211	3	2	WR
Marko Mitchell	2009	2009	7-243	WAS	6-3	204	1	0	WR
Freddie Mitchell	2003	2004	1-25	PHI	5-11	184	2	10	WR
Carlton Mitchell	2010	2011	6-177	CLE	6-4	212	2	0	WR
Nick Miller	2010	2010		RAI	5-9	180	1	0	WR
Brandon Middleton	2007	2008		DET	5-11	190	2	1	WR
Ahmad Merritt	2003	2003		CHI	5-10	195	1	0	WR
Kerry Meier	2011	2012	5-165	ATL	6-2	224	2	0	WR
Robert Meachem	2008	2012	1-27	TOT	6-2	214	5	25	WR
Marvin McNutt	2012	2012	6-194	PHI	6-3	216	1	0	WR
Billy McMullen	2003	2008	3-95	TOT	6-4	210	5	5	WR
Kenny McKinley	2009	2009	5-141	DEN	5-11	182	1	0	WR
Chris McFoy	2007	2007		RAI	6-2	200	1	0	WR
Shaun McDonald	2003	2007	4-106	TOT	5-10	183	5	18	WR
LeRon McCoy	2005	2005	7-226	CRD	6-1	205	1	1	WR
Quentin McCord	2003	2003	7-236	ATL	5-10	188	1	1	WR
Dexter McCluster	2010	2013	2-36	KAN	5-9	165	4	11	WR
Justin McCareins	2003	2005	4-124	TOT	6-2	215	3	24	WR
Darnerien McCants	2003	2005	5-154	TOT	6-3	214	3	5	WR
Jason McAddley	2003	2005	5-149	TOT	6-2	200	3	1	WR
Lee Mays	2003	2006	6-202	PIT	6-2	200	3	1	WR
Marcus Maxwell	2005	2007	7-223	TOT	6-4	205	2	0	WR
Grant Mattos	2003	2003		SDG	6-2	220	1	0	WR
Rishard Matthews	2012	2013	7-227	MIA	6-0	212	2	1	WR
John Matthews	2010	2011		TOT	6-0	197	2	0	WR
Jerome Mathis	2005	2007	4-114	HTX	5-11	181	3	4	WR
Mohamed Massaquoi	2009	2012	2-50	CLE	6-1	210	4	14	WR
Glenn Martinez	2005	2009		TOT	6-1	183	4	3	WR
Ruvell Martin	2006	2010		TOT	6-4	217	5	8	WR
Keshawn Martin	2012	2013	4-121	HTX	5-11	192	2	1	WR
Charly Martin	2009	2012		TOT	6-1	212	4	0	WR
Brandon Marshall	2006	2010	4-119	TOT	6-4	229	5	42	WR
Marc Mariani	2010	2013	7-222	OTI	6-1	190	4	3	WR
Mario Manningham	2008	2012	3-95	TOT	6-0	185	5	24	WR
Maurice Mann	2006	2006	5-149	MIN	6-1	190	1	0	WR
Jeff Maehl	2011	2013		TOT	6-0	190	3	0	WR
John Madsen	2006	2008		RAI	6-5	220	3	2	WR
Adrian Madise	2003	2003	5-158	DEN	5-11	215	1	0	WR
Jeremy Maclin	2009	2013	1-19	PHI	6-0	200	5	29	WR
Elbert Mack	2008	2012		TOT	6-1	201	5	2	WR
Triandos Luke	2004	2004	6-171	DEN	5-10	190	1	0	WR
Chad Lucas	2005	2007		TOT	6-1	201	2	1	WR
Dane Looker	2003	2006		RAM	6-0	194	4	8	WR
Lance Long	2012	2012		DET	5-11	186	1	0	WR
Brandon London	2008	2008		MIA	6-4	210	1	0	WR
Stefan Logan	2009	2012		TOT	5-7	177	4	2	WR
Ricardo Lockette	2011	2013		TOT	6-2	211	3	1	WR
Brandon Lloyd	2003	2007	4-124	TOT	6-0	192	5	15	WR
Greg Little	2011	2013	2-59	CLE	6-3	220	3	10	WR
Michael Lewis	2003	2005		NOR	5-8	165	3	4	WR
Greg Lewis	2003	2007		PHI	6-0	180	5	12	WR
Derrick Lewis	2003	2006		TOT	6-2	185	2	0	WR
Ashley Lelie	2003	2006	1-19	TOT	6-3	200	4	31	WR
Charles Lee	2003	2004	7-242	TAM	6-3	227	2	5	WR
Quinten Lawrence	2009	2011	6-175	KAN	6-1	175	2	0	WR
Brandon LaFell	2010	2013	3-78	CAR	6-2	208	4	15	WR
Max Komar	2010	2011		TOT	5-11	202	2	1	WR
Johnny Knox	2009	2012	5-140	CHI	6-0	185	4	20	WR
David Kircus	2003	2006	6-175	TOT	6-1	185	3	3	WR
Andre King	2003	2004	7-245	CLE	5-11	195	2	1	WR
Ethan Kilmer	2006	2006	7-209	CIN	6-0	205	1	0	WR
Kelvin Kight	2004	2006		TOT	6-0	209	2	0	WR
Jeremy Kerley	2011	2013	5-153	NYJ	5-10	189	3	10	WR
Jordan Kent	2008	2009	6-210	TOT	6-4	219	2	0	WR
Malcolm Kelly	2008	2009	2-51	WAS	6-4	218	2	3	WR
Jermaine Kearse	2012	2013		SEA	6-1	209	2	0	WR
Kevin Kasper	2003	2006	6-190	TOT	6-1	197	3	0	WR
James Jordan	2003	2003		SFO	6-2	225	1	0	WR
Onrea Jones	2010	2010		CRD	5-11	202	1	0	WR
Nate 2. Jones	2009	2009		RAM	6-1	195	1	0	WR
Matt Jones	2005	2008	1-21	JAX	6-6	242	4	23	WR
Marvin Jones	2012	2013	5-166	CIN	6-1	199	2	2	WR
Mark Jones	2004	2008	7-206	TOT	5-9	185	5	0	WR
Julio Jones	2011	2013	1-6	ATL	6-3	220	3	23	WR
James Jones	2007	2011	3-78	GNB	6-1	208	5	28	WR
Jamal Jones	2005	2006		TOT	6-0	214	2	1	WR
Jacoby Jones	2007	2011	3-73	HTX	6-3	192	5	21	WR
Donald Jones	2010	2012		BUF	6-0	214	3	8	WR
Daryl Jones	2004	2004	7-226	CHI	5-9	190	1	0	WR
Chandler Jones	2012	2013	1-21	NWE	6-5	247	2	6	WR
Brandon Jones	2005	2009	3-96	TOT	6-1	208	5	13	WR
Steve Johnson	2008	2012	7-224	BUF	6-2	210	5	26	WR
Ron Johnson	2003	2003	4-123	RAV	6-2	225	1	0	WR
Manuel Johnson	2010	2010	7-229	DAL	6-0	183	1	0	WR
Jaymar Johnson	2009	2011	6-193	TOT	5-11	177	2	0	WR
Damaris Johnson	2012	2013		PHI	5-8	175	2	3	WR
Chad Johnson	2003	2005	2-36	CIN	6-1	192	3	44	WR
Calvin Johnson	2007	2011	1-2	DET	6-5	239	5	48	WR
Bryant Johnson	2003	2007	1-17	CRD	6-2	214	5	20	WR
Bethel Johnson	2003	2006	2-45	TOT	5-11	200	4	8	WR
Andre Johnson	2003	2007	1-3	HTX	6-3	219	5	45	WR
Albert Johnson	2003	2003		NYJ	5-9	190	1	0	WR
Jerrel Jernigan	2011	2013	3-83	NYG	5-9	185	3	0	WR
Michael Jennings	2006	2006		NYG	5-11	175	1	1	WR
Greg Jennings	2006	2010	2-52	GNB	5-11	195	5	49	WR
Adam Jennings	2006	2009	6-184	TOT	5-9	181	3	0	WR
Michael Jenkins	2004	2008	1-29	ATL	6-4	217	5	24	WR
Justin Jenkins	2007	2009		BUF	6-0	207	3	0	WR
Darnell Jenkins	2008	2008		HTX	5-10	188	1	0	WR
A.J. Jenkins	2012	2013	1-30	TOT	6-0	192	2	0	WR
Alshon Jeffery	2012	2013	2-45	CHI	6-4	230	2	3	WR
Lestar Jean	2011	2013		HTX	6-3	215	3	1	WR
Dwayne Jarrett	2007	2010	2-45	CAR	6-4	219	4	4	WR
Taylor Jacobs	2003	2006	2-44	TOT	6-0	198	4	2	WR
Vincent Jackson	2005	2009	2-61	SDG	6-5	241	5	42	WR
Nate Jackson	2003	2007		DEN	6-3	223	5	1	WR
Jerrell Jackson	2012	2012		JAX	6-0	192	1	0	WR
Frisman Jackson	2003	2005		CLE	6-3	215	3	3	WR
Dexter Jackson	2008	2011	2-58	TOT	5-10	180	2	0	WR
DeSean Jackson	2008	2012	2-49	PHI	6-0	178	5	47	WR
Darrell Jackson	2003	2004	3-80	SEA	6-0	201	2	23	WR
Chris Jackson	2003	2003		GNB	6-2	205	1	0	WR
Chad Jackson	2006	2008	2-36	TOT	6-1	205	3	2	WR
Juaquin Iglesias	2009	2011	3-99	TOT	6-0	204	2	0	WR
Randy Hymes	2004	2005		RAV	6-3	211	2	4	WR
Sam Hurd	2006	2010		DAL	6-2	187	5	6	WR
Nate Hughes	2009	2011		TOT	6-0	186	2	1	WR
Paul Hubbard	2010	2010	6-191	BUF	6-3	214	1	0	WR
Keenan Howry	2003	2005	7-221	MIN	5-10	172	3	0	WR
T.J. Houshmandzadeh	2003	2005	7-204	CIN	6-1	197	3	21	WR
Jeremy Horne	2010	2011		KAN	6-2	193	2	0	WR
Chris Horn	2004	2005		KAN	5-11	195	2	4	WR
Torry Holt	2003	2003	1-6	RAM	6-0	190	1	18	WR
Glenn Holt	2006	2008		CIN	6-1	195	3	2	WR
Santonio Holmes	2006	2010	1-25	TOT	5-10	185	5	43	WR
Andre Holmes	2011	2013		TOT	6-5	206	3	0	WR
Trindon Holliday	2011	2013	6-197	TOT	5-5	166	2	0	WR
Jesse Holley	2010	2011		DAL	6-2	213	2	1	WR
Jonathan Holland	2008	2009	7-254	RAI	6-0	191	2	0	WR
Carlyle Holiday	2005	2007		TOT	6-2	217	2	0	WR
Chris Hogan	2011	2013		TOT	6-1	220	3	0	WR
Domenik Hixon	2008	2012	4-130	NYG	6-2	192	4	16	WR
T.Y. Hilton	2012	2013	3-92	CLT	5-10	183	2	8	WR
Stephen Hill	2012	2013	2-43	NYJ	6-4	215	2	2	WR
Jason Hill	2007	2011	3-76	TOT	6-1	204	4	7	WR
Darrell Hill	2003	2004	7-225	OTI	6-3	200	2	0	WR
Johnnie Lee Higgins	2007	2010	3-99	RAI	6-0	185	4	9	WR
Akiem Hicks	2012	2013	3-89	NOR	6-5	318	2	1	WR
Darrius Heyward-Bey	2009	2013	1-7	TOT	6-2	205	5	17	WR
Devin Hester	2006	2010	2-57	CHI	5-10	185	5	33	WR
Chris Henry	2005	2009	3-83	CIN	6-4	197	5	17	WR
Devery Henderson	2004	2008	2-50	NOR	5-11	200	5	21	WR
Junior Hemingway	2012	2013	7-238	KAN	6-1	225	2	0	WR
Lavelle Hawkins	2008	2012	4-126	OTI	5-11	187	5	7	WR
Andrew Hawkins	2011	2013		CIN	5-7	175	3	8	WR
Joe Hastings	2011	2011		SFO	6-0	185	1	0	WR
Mike Hass	2007	2009	6-171	TOT	6-1	210	2	0	WR
Percy Harvin	2009	2013	1-22	TOT	5-11	200	5	42	WR
Brian Hartline	2009	2013	4-108	MIA	6-2	180	5	22	WR
Dwayne Harris	2011	2013	6-176	DAL	5-10	203	3	3	WR
Justin Harper	2009	2009	7-215	RAV	6-3	205	1	0	WR
James Hardy	2008	2009	2-41	BUF	6-6	220	2	1	WR
Karl Hankton	2003	2003		CAR	6-2	202	1	0	WR
Cortez Hankton	2003	2006		JAX	6-0	200	4	3	WR
Leonard Hankerson	2011	2013	3-79	WAS	6-2	209	3	7	WR
Lawrence Hamilton	2003	2004		TOT	6-3	204	2	0	WR
Derrick Hamilton	2004	2004	3-77	SFO	6-4	200	1	0	WR
Roy Hall	2007	2008	5-169	CLT	6-2	229	2	0	WR
Dante Hall	2003	2004	5-153	KAN	5-8	187	2	15	WR
Chad Hall	2010	2013		TOT	5-8	180	4	1	WR
Marques Hagans	2007	2007	5-144	RAM	5-10	202	1	1	WR
Derek Hagan	2006	2010	3-82	TOT	6-1	205	4	8	WR
Drew Haddad	2004	2004	7-233	BUF	5-11	187	1	0	WR
D.J. Hackett	2005	2008	5-157	TOT	6-2	199	4	15	WR
Tori Gurley	2011	2013		TOT	6-4	216	2	0	WR
Tyler Grisham	2009	2011		PIT	5-11	180	2	0	WR
Skyler Green	2006	2008	4-125	TOT	5-9	195	3	0	WR
A.J. Green	2011	2013	1-4	CIN	6-4	211	3	23	WR
T.J. Graham	2012	2013	3-69	BUF	5-11	188	2	3	WR
Josh Gordon	2012	2013		CLE	6-3	225	2	6	WR
Richard Goodman	2010	2012		SDG	6-0	192	3	1	WR
Anthony Gonzalez	2007	2011	1-32	CLT	6-0	193	5	16	WR
Brittan Golden	2012	2013		TOT	5-11	186	2	0	WR
David Givens	2003	2006	7-253	TOT	6-0	212	4	22	WR
Chris Givens	2012	2013	4-96	RAM	5-11	198	2	5	WR
Ted Ginn Jr.	2007	2011	1-9	TOT	5-11	178	5	25	WR
Mardy Gilyard	2010	2010	4-99	RAM	6-0	187	1	1	WR
David Gilreath	2011	2012		TOT	5-11	169	2	0	WR
Bryan Gilmore	2003	2004		TOT	6-0	200	2	3	WR
Dondre Gilliam	2003	2003		SDG	6-0	185	1	1	WR
Sam Giguere	2009	2009		CLT	5-11	215	1	0	WR
Brandon Gibson	2010	2013	6-194	TOT	6-0	204	4	12	WR
David Gettis	2010	2013	6-198	CAR	6-3	217	4	3	WR
Chas Gessner	2007	2007		TAM	6-5	215	1	0	WR
Clyde Gates	2011	2013	4-111	TOT	5-11	197	3	2	WR
Michael Gasperson	2007	2007		PHI	6-4	220	1	0	WR
Talman Gardner	2003	2004	7-231	NOR	6-1	205	2	0	WR
Rod Gardner	2003	2004	1-15	WAS	6-2	213	2	11	WR
Pierre Garcon	2008	2012	6-205	TOT	6-0	210	5	31	WR
Justin Gage	2003	2007	5-143	TOT	6-4	208	5	15	WR
Jabar Gaffney	2003	2006	2-33	TOT	6-1	205	4	17	WR
Doug Gabriel	2003	2005	5-167	RAI	6-2	215	3	11	WR
Mike Furrey	2003	2007		TOT	6-0	185	5	23	WR
Will Franklin	2008	2008	4-105	KAN	6-0	200	1	1	WR
Carlos Francis	2004	2004	4-99	RAI	5-10	190	1	0	WR
Chris Francies	2006	2007		GNB	6-1	193	2	0	WR
Eric Fowler	2009	2009		DET	6-2	208	1	0	WR
Larry Foster	2003	2003		CRD	5-10	195	1	0	WR
Jacoby Ford	2010	2013	4-108	RAI	5-9	181	4	11	WR
Carl Ford	2005	2005	7-256	CHI	6-0	183	1	0	WR
Michael Floyd	2012	2013	1-13	CRD	6-3	220	2	3	WR
Malcom Floyd	2004	2009		SDG	6-5	201	5	19	WR
P.J. Fleck	2004	2004		SFO	5-10	191	1	0	WR
Larry Fitzgerald	2004	2008	1-3	CRD	6-3	225	5	50	WR
Brian Finneran	2003	2003		ATL	6-5	210	1	4	WR
Yamon Figurs	2007	2008	3-74	RAV	6-0	174	2	2	WR
Robert Ferguson	2003	2005	2-41	GNB	6-1	209	3	13	WR
Jimmy Farris	2003	2007		TOT	6-0	200	4	1	WR
Lee Evans	2004	2008	1-13	BUF	5-10	202	5	44	WR
Mike Espy	2006	2006		WAS	6-0	195	1	0	WR
Devale Ellis	2006	2006		DET	5-10	174	1	0	WR
Jamin Elliott	2006	2006	6-203	ATL	6-0	187	1	0	WR
Troy Edwards	2003	2003	1-13	JAX	5-10	191	1	4	WR
Terrence Edwards	2003	2003		ATL	6-0	176	1	0	WR
Braylon Edwards	2005	2008	1-3	CLE	6-3	211	4	30	WR
Armanti Edwards	2010	2013	3-89	CAR	5-11	191	4	1	WR
Dominique Edison	2009	2009	6-206	OTI	6-3	200	1	0	WR
Julian Edelman	2009	2013	7-232	NWE	6-0	198	5	11	WR
Jeremy Ebert	2012	2013	7-235	TOT	5-11	200	2	0	WR
Marcus Easley	2011	2013	4-107	BUF	6-2	225	3	0	WR
Biren Ealy	2007	2009		TOT	6-3	207	2	0	WR
Kris Durham	2011	2013	4-107	TOT		214	3	1	WR
LaTarence Dunbar	2003	2003	6-196	ATL	5-11	196	1	0	WR
Eddie Drummond	2003	2006		DET	5-9	185	4	5	WR
Donald Driver	2003	2003	7-213	GNB	6-0	188	1	8	WR
Harry Douglas	2008	2013	3-84	ATL	5-11	170	5	17	WR
David Douglas	2012	2012		TAM	6-1	205	1	0	WR
Early Doucet	2008	2012	3-81	CRD	6-0	211	5	11	WR
Tandon Doss	2011	2013	4-123	RAV	6-2	201	3	1	WR
Chris Doering	2003	2003	6-185	PIT	6-4	202	1	2	WR
Jarett Dillard	2009	2011	5-144	JAX	5-10	185	2	4	WR
Todd Devoe	2005	2006		DEN	6-2	198	2	1	WR
Eric Decker	2010	2013	3-87	DEN	6-3	206	4	17	WR
Rashied Davis	2005	2009		CHI	5-10	180	5	11	WR
Nick Davis	2003	2003		MIN	6-0	180	1	0	WR
Drew Davis	2011	2013		ATL	6-1	205	3	0	WR
Dominique Davis	2012	2013		ATL	6-3	210	2	0	WR
Craig Davis	2007	2010	1-30	SDG	6-1	200	4	7	WR
Chris Davis	2007	2007		NYJ	5-10	180	1	0	WR
Chris Davis	2007	2008	4-128	OTI	5-10	181	2	0	WR
Britt Davis	2010	2010		DEN	6-3	205	1	0	WR
Andre' Davis	2003	2006	2-47	TOT	6-1	195	4	10	WR
Devard Darling	2004	2008	3-82	TOT	6-1	213	5	4	WR
Kevin Curtis	2003	2007	3-74	TOT	5-11	186	5	24	WR
Ronald Curry	2003	2006	7-235	RAI	6-2	220	4	10	WR
Dominique Curry	2010	2012		TOT	6-2	227	3	0	WR
Airese Currie	2006	2006	5-140	CHI	5-10	186	1	0	WR
Victor Cruz	2010	2013		NYG	6-0	204	4	25	WR
Juron Criner	2012	2013	5-168	RAI	6-3	224	2	1	WR
Josh Cribbs	2005	2009		CLE	6-1	192	5	16	WR
Patrick Crayton	2004	2008	7-216	DAL	6-0	205	5	23	WR
Michael Crabtree	2009	2013	1-10	SFO	6-2	215	5	31	WR
Jerricho Cotchery	2004	2008	4-108	NYJ	6-1	200	5	32	WR
Quan Cosby	2009	2012		TOT	5-9	191	3	0	WR
Terrance Copper	2004	2007		TOT	6-0	204	4	6	WR
Riley Cooper	2010	2013	5-159	PHI	6-3	214	4	6	WR
Josh Cooper	2012	2013		CLE	5-10	190	2	1	WR
Kevin Cone	2011	2013		ATL	6-2	207	3	0	WR
Marques Colston	2006	2010	7-252	NOR	6-4	225	5	48	WR
Austin Collie	2009	2013	4-127	TOT	6-1	200	5	18	WR
Laveranues Coles	2003	2004	3-78	WAS	5-11	193	2	18	WR
Clarence Coleman	2003	2003		BUF	5-10	193	1	1	WR
Chris Cole	2003	2003	3-70	DEN	6-0	195	1	0	WR
Keary Colbert	2004	2007	2-62	CAR	6-1	200	4	13	WR
Randall Cobb	2011	2013	2-64	GNB	5-10	191	3	18	WR
David Clowney	2008	2009	5-157	NYJ	6-1	190	2	2	WR
Toney Clemons	2012	2012	7-231	JAX	6-2	210	1	0	WR
Michael Clayton	2004	2008	1-15	TAM	6-4	197	5	22	WR
Mark Clayton	2005	2009	1-22	RAV	5-10	193	5	28	WR
Kenny Clark	2003	2003		MIN	6-1	217	1	0	WR
Brian Clark	2006	2010		TOT	6-2	204	4	0	WR
Bam Childress	2005	2006		NWE	5-10	185	2	0	WR
Antonio Chatman	2003	2007		TOT	5-9	177	5	9	WR
Chris Chambers	2003	2005	2-52	MIA	5-11	210	3	26	WR
Tim Carter	2003	2006	2-46	NYG	6-0	200	4	9	WR
Jonathan Carter	2003	2004	5-162	NYJ	6-0	180	2	4	WR
Jason Carter	2006	2006		MIN	6-0	205	1	0	WR
Drew Carter	2005	2007	5-163	CAR	6-3	200	3	8	WR
Kelly Campbell	2003	2004		MIN	5-10	173	2	10	WR
Greg Camarillo	2006	2010		TOT	6-1	190	5	14	WR
Tyrone Calico	2003	2005	2-60	OTI	6-4	223	3	5	WR
Duke Calhoun	2010	2012		TOT	6-4	205	2	0	WR
Reche Caldwell	2003	2006	2-48	TOT	6-0	215	4	18	WR
Andre Caldwell	2008	2012	3-97	TOT	6-1	207	5	11	WR
LaRon Byrd	2012	2013		CRD	6-4	220	2	0	WR
Deon Butler	2009	2012	3-91	SEA	5-10	170	4	4	WR
Stephen Burton	2011	2013	7-236	TOT	6-1	221	3	0	WR
Keenan Burton	2008	2009	4-128	RAM	6-0	202	2	3	WR
Plaxico Burress	2003	2004	1-8	PIT	6-5	226	2	14	WR
Nate Burleson	2003	2007	3-71	TOT	6-0	192	5	30	WR
Michael Bumpus	2008	2008		SEA	5-11	194	1	0	WR
Will Buchanon	2006	2006		RAI	6-3	185	1	0	WR
Romby Bryant	2005	2005		ATL	6-1	181	1	0	WR
Dez Bryant	2010	2013	1-24	DAL	6-2	225	4	26	WR
Desmond Bryant	2009	2013		TOT	6-5	290	5	13	WR
Antonio Bryant	2003	2006	2-63	TOT	6-1	192	3	18	WR
Arland Bruce	2003	2003		SFO	5-10	193	1	0	WR
Ryan Broyles	2012	2013	2-54	DET	5-10	192	2	2	WR
Vincent Brown	2011	2013	3-82	SDG	5-11	187	3	3	WR
Reggie Brown	2005	2009	2-35	PHI	6-1	197	5	21	WR
Mike Brown	2012	2013		JAX	5-10	200	2	0	WR
Antonio Brown	2003	2005		TOT	5-10	175	3	1	WR
Antonio Brown	2010	2013	6-195	PIT	5-10	186	4	18	WR
John Broussard	2007	2007	7-229	JAX	6-1	185	1	2	WR
Chris Brooks	2010	2010		CLT	6-2	215	1	0	WR
Kenny Britt	2009	2013	1-30	OTI	6-3	215	5	21	WR
Dezmon Briscoe	2010	2013	6-191	TOT	6-3	200	4	4	WR
Steve Breaston	2007	2011	5-142	TOT	6-1	175	5	28	WR
LaVon Brazill	2012	2013	6-206	CLT	5-11	192	2	1	WR
Deion Branch	2003	2006	2-65	TOT	5-9	193	4	28	WR
Mark Bradley	2005	2009	2-39	TOT	6-1	201	4	8	WR
Jarrett Boykin	2012	2013		GNB	6-2	218	2	0	WR
Dwayne Bowe	2007	2011	1-23	KAN	6-2	221	5	38	WR
David Boston	2003	2003	1-8	SDG	6-2	240	1	9	WR
Marty Booker	2003	2003	3-78	CHI	6-0	212	1	6	WR
Anquan Boldin	2003	2007	2-54	CRD	6-1	218	5	43	WR
Marc Boerigter	2003	2005		KAN	6-3	220	2	3	WR
Shaun Bodiford	2007	2007		GNB	5-11	187	1	0	WR
Justin Blackmon	2012	2013	1-5	JAX	6-1	207	2	6	WR
Armon Binns	2011	2013		TOT	6-3	209	2	0	WR
Taye Biddle	2006	2006		CAR	6-2	185	1	0	WR
Davone Bess	2008	2012		MIA	5-10	190	5	29	WR
Bernard Berrian	2004	2008	3-78	TOT	6-1	190	5	26	WR
Eddie Berlin	2003	2005	5-159	TOT	5-11	195	3	3	WR
Earl Bennett	2008	2012	3-70	CHI	6-1	205	5	18	WR
Drew Bennett	2003	2005		OTI	6-5	206	3	23	WR
Arrelious Benn	2010	2013	2-39	TOT	6-2	225	4	7	WR
Travis Benjamin	2012	2013	4-100	CLE	5-10	172	2	3	WR
Ronald Bellamy	2004	2004		MIA	6-0	200	1	0	WR
Josh Bellamy	2012	2013		TOT	6-0	206	2	0	WR
Cole Beasley	2012	2013		DAL	5-8	177	2	1	WR
Arnaz Battle	2003	2007	6-197	SFO	6-1	217	5	16	WR
D'Wayne Bates	2003	2003	3-71	MIN	6-2	212	1	2	WR
Hank Baskett	2006	2008		PHI	6-2	220	3	9	WR
Ramses Barden	2009	2013	3-85	NYG	6-6	227	5	4	WR
Alex Bannister	2003	2005	5-140	SEA	6-5	207	3	1	WR
Gary Banks	2010	2010		SDG	6-0	193	1	0	WR
Brandon Banks	2010	2012		WAS	5-7	150	3	1	WR
Jonathan Baldwin	2011	2013	1-26	TOT	6-4	228	3	4	WR
Doug Baldwin	2011	2013		SEA	5-10	189	3	11	WR
Eugene Baker	2003	2004	5-164	CAR	6-2	183	2	0	WR
Dallas Baker	2008	2008	7-227	PIT	6-3	206	1	0	WR
Karsten Bailey	2003	2003	3-82	GNB	6-0	205	1	0	WR
Donnie Avery	2008	2013	2-33	TOT	5-11	186	5	15	WR
Jason Avant	2006	2010	4-109	PHI	6-0	210	5	16	WR
Terrence Austin	2010	2011	7-219	WAS	5-11	175	2	1	WR
Miles Austin	2006	2010		DAL	6-3	215	5	24	WR
Adrian Arrington	2010	2012	7-237	NOR	6-2	185	3	1	WR
Devin Aromashodu	2007	2012	7-233	TOT	6-2	202	5	11	WR
Derick Armstrong	2003	2005		HTX	6-2	206	3	6	WR
Anthony Armstrong	2010	2011		WAS	5-11	175	2	6	WR
Emmanuel Arceneaux	2011	2011		MIN	6-2	211	1	0	WR
Scotty Anderson	2003	2003	5-148	DET	6-2	191	1	3	WR
Joe Anderson	2012	2013		CHI	6-1	196	2	0	WR
David Anderson	2006	2010	7-251	HTX	5-10	195	5	7	WR
Otis Amey	2005	2005		SFO	5-10	197	1	1	WR
Danny Amendola	2009	2013		TOT	5-11	183	5	13	WR
Aundrae Allison	2007	2008	5-146	MIN	6-0	198	2	3	WR
Frank Alexander	2012	2013	4-103	CAR	6-4	270	2	2	WR
Danario Alexander	2010	2013		TOT	6-5	221	4	9	WR
Seyi Ajirotutu	2010	2013		TOT	6-3	211	4	3	WR
Sam Aiken	2003	2007	4-127	BUF	6-2	204	5	3	WR
Kamar Aiken	2011	2012		TOT	6-2	212	2	0	WR
James Adkisson	2006	2006		RAI	6-5	230	1	0	WR
Kris Adams	2011	2012		TOT	6-3	195	2	0	WR
Joe Adams	2012	2012	4-104	CAR	5-11	179	1	0	WR
Darvin Adams	2011	2011		CAR	6-2	194	1	0	WR
Charlie Adams	2003	2005		DEN	6-2	190	3	2	WR
