Name,Team,G,,Rush,Yds,Y/G,Avg,TD,,Rec,Yds,Y/G,Avg,Lng,TD
 DeAngelo Williams,Memp,11,,309,1959,178.1,6.3,18,,12,78,7.1,6.5,29,1
 Jerome Harrison,WA St,11,,308,1900,172.7,6.2,16,,24,206,18.7,8.6,34,1
 Reggie Bush,USC,13,,200,1740,133.8,8.7,16,,37,478,36.8,12.9,43,2
 Brian Calhoun,Wis,13,,348,1636,125.8,4.7,22,,53,571,43.9,10.8,40,2
 Garrett Wolfe,N Ill,9,,243,1588,176.4,6.5,16,,20,216,24,10.8,59,1
 Tyrell Sutton,N.W.,12,,250,1474,122.8,5.9,16,,44,396,33,9,41,2
 Laurence Maroney,Minn,11,,281,1464,133.1,5.2,10,,17,170,15.5,10,37,1
 B.J. Mitchell,Nev,12,,261,1399,116.6,5.4,12,,4,26,2.2,6.5,12,1
 Andre Hall,S Fla,12,,270,1374,114.5,5.1,13,,26,321,26.8,12.3,76,2
 Albert Young,Iowa,12,,249,1334,111.2,5.4,8,,24,244,20.3,10.2,51,0
 Antonio Pittman,OH St,12,,243,1331,110.9,5.5,7,,17,161,13.4,9.5,21,0
 Yvenson Bernard,OR St,11,,299,1321,120.1,4.4,13,,37,316,28.7,8.5,30,1
 Wendell Mathis,Fres,13,,248,1313,101,5.3,15,,19,156,12,8.2,25,1
 LenDale White,USC,13,,197,1302,100.2,6.6,24,,14,219,16.8,15.6,49,2
 Dontrell Moore,N Mex,11,,275,1298,118,4.7,14,,31,371,33.7,12,41,3
 Trinity Dawson,Tole,12,,232,1294,107.8,5.6,5,,22,241,20.1,11,38,4
 Kenny Irons,Aub,12,,256,1293,107.8,5.1,13,,14,164,13.7,11.7,23,0
 Kyle Bell,CO St,12,,276,1288,107.3,4.7,10,,9,33,2.8,3.7,14,0
 Marshawn Lynch,Cal,10,,196,1246,124.6,6.4,10,,15,125,12.5,8.3,25,0
 Kenneth Darby,Ala,12,,239,1242,103.5,5.2,3,,29,132,11,4.6,17,0
 Brett Biggs,Akrn,13,,284,1230,94.6,4.3,10,,65,535,41.2,8.2,72,4
 Darius Walker,ND,12,,253,1196,99.7,4.7,9,,43,351,29.3,8.2,51,2
 Kevin Smith,UCF,13,,249,1178,90.6,4.7,9,,8,44,3.4,5.5,12,0
 Patrick Cobbs,N TX,11,,231,1158,105.3,5,6,,18,106,9.6,5.9,18,0
 Kalvin McRae,Ohio,11,,209,1153,104.8,5.5,7,,13,97,8.8,7.5,28,0
 Michael Bush,Lou,10,,205,1143,114.3,5.6,23,,21,253,25.3,12,21,1
 Jerious Norwood,MS St,11,,191,1136,103.3,5.9,6,,19,96,8.7,5.1,19,2
 Gary Russell,Minn,12,,186,1130,94.2,6.1,18,,16,168,14,10.5,56,1
 Steve Slaton,W Va,9,,205,1128,125.3,5.5,17,,12,95,10.6,7.9,19,2
 Chris Barclay,Wake,10,,218,1127,112.7,5.2,10,,26,159,15.9,6.1,29,0
 Curtis Brown,BYU,12,,210,1123,93.6,5.3,14,,53,454,37.8,8.6,37,2
 Ray Rice,Rutg,12,,195,1120,93.3,5.7,5,,8,65,5.4,8.1,26,0
 Quinton Ganther,Utah,11,,205,1120,101.8,5.5,7,,25,314,28.5,12.6,47,1
 Darren McFadden,Ark,11,,176,1113,101.2,6.3,11,,14,52,4.7,3.7,12,0
 Adrian Peterson,Okla,11,,220,1108,100.7,5,14,,9,50,4.5,5.6,11,0
 Antonio Warren,AR St,10,,173,1066,106.6,6.2,6,,7,49,4.9,7,21,0
 Ontario Sneed,CMU,11,,218,1064,96.7,4.9,8,,50,391,35.5,7.8,45,3
 Brandon Murphy,Mia O,10,,226,1058,105.8,4.7,9,,18,159,15.9,8.8,29,0
 Steve Baylark,Mass,11,,255,1057,96.1,4.1,9,,25,220,20,8.8,40,2
 Tyrell Fenroy,ULL,11,,179,1053,95.7,5.9,12,,6,37,3.4,6.2,19,0
 Tony Hunt,PSU,12,,174,1047,87.3,6,6,,20,206,17.2,10.3,33,0
 Rafael Little,UK,11,,197,1045,95,5.3,9,,46,449,40.8,9.8,65,0
 Lerron Moore,WKU,10,,174,1037,103.7,6,10,,3,12,1.2,4,19,0
 Ryan Gilbert,Hous,12,,170,1037,86.4,6.1,9,,21,237,19.8,11.3,40,1
 Carlton Jones,Army,10,,269,1024,102.4,3.8,6,,25,241,24.1,9.6,44,2
 Trovon Riley,WMU,9,,221,1010,112.2,4.6,6,,16,143,15.9,8.9,26,0
 Justin Forsett,Cal,12,,132,999,83.3,7.6,6,,7,68,5.7,9.7,22,0
 Ahmad Bradshaw,Mrsh,11,,214,997,90.6,4.7,9,,56,381,34.6,6.8,52,1
 Mike Hamilton,OK St,11,,193,961,87.4,5,1,,20,161,14.6,8.1,36,0
 Mike Bell,Ariz,11,,200,952,86.5,4.8,5,,18,197,17.9,10.9,51,0
 P.J. Daniels,GT,11,,198,930,84.5,4.7,3,,21,174,15.8,8.3,20,1
 Maurice Drew,UCLA,12,,186,914,76.2,4.9,13,,31,453,37.8,14.6,45,4
 Joseph Addai,LSU,13,,187,911,70.1,4.9,9,,20,180,13.8,9,43,1
 Robert Merrill,TCU,12,,187,911,75.9,4.9,10,,14,114,9.5,8.1,29,0
 Lance Ball,Md,11,,189,903,82.1,4.8,6,,18,153,13.9,8.5,24,0
 Quinton Smith,Rice,11,,140,902,82,6.4,5,,7,40,3.6,5.7,20,1
 Damien Rhodes,Syra,11,,219,900,81.8,4.1,7,,23,270,24.5,11.7,70,0
 Cory Ross,Neb,12,,225,882,73.5,3.9,5,,43,392,32.7,9.1,70,3
 Arian Foster,Tenn,10,,183,879,87.9,4.8,5,,14,148,14.8,10.6,39,0
 James Davis,Clem,11,,165,879,79.9,5.3,9,,19,152,13.8,8,22,0
 Jamaal Charles,Tex,13,,119,878,67.5,7.4,11,,14,157,12.1,11.2,36,2
 Taurean Henderson,TX Tch,12,,148,872,72.7,5.9,17,,67,528,44,7.9,39,5
 Wynel Seldon,Wyo,11,,187,871,79.2,4.7,11,,27,198,18,7.3,41,0
 Keegan Herring,AZ St,12,,158,870,72.5,5.5,6,,3,4,0.3,1.3,5,0
 Hugh Charles,Colo,13,,189,858,66,4.5,6,,28,231,17.8,8.3,51,1
 DeMyron Martin,SMU,10,,185,854,85.4,4.6,7,,8,53,5.3,6.6,22,2
 Lynell Hamilton,SDg St,11,,190,819,74.5,4.3,9,,26,144,13.1,5.5,17,0
 Javon Ringer,MI St,11,,122,817,74.3,6.7,5,,19,138,12.5,7.3,25,0
 L.V. Whitworth,BC,12,,189,807,67.3,4.3,5,,23,244,20.3,10.6,34,0
 Marcus Thomas,UTEP,11,,149,791,71.9,5.3,5,,32,440,40,13.8,75,3
 Uril Parrish,Tuls,12,,179,787,65.6,4.4,9,,25,246,20.5,9.8,46,1
 Jon Cornish,Kan,12,,134,780,65,5.8,9,,15,138,11.5,9.2,30,2
 Justine Buries,NM St,11,,187,779,70.8,4.2,5,,23,141,12.8,6.1,20,1
 Lee Marks,Bois,13,,133,759,58.4,5.7,6,,8,21,1.6,2.6,9,0
 Aaron Brown,TCU,10,,128,758,75.8,5.9,6,,11,146,14.6,13.3,35,3
 Cedric Humes,VT,12,,162,752,62.7,4.6,11,,10,71,5.9,7.1,13,0
 Chris Taylor,Ind,11,,156,740,67.3,4.7,4,,15,49,4.5,3.3,12,0
 Thomas Brown,Ga,12,,147,736,61.3,5,4,,6,67,5.6,11.2,26,0
 Eugene Gross,MTSU,11,,182,724,65.8,4,13,,33,277,25.2,8.4,37,1
 Courtney Lewis,TAMU,9,,109,723,80.3,6.6,7,,9,106,11.8,11.8,32,1
 Robert Hubbard,Nev,12,,122,719,59.9,5.9,11,,12,112,9.3,9.3,25,2
 Reggie Merriweather,Clem,12,,149,715,59.6,4.8,7,,8,49,4.1,6.1,15,0
 Andre Callender,BC,12,,142,708,59,5,3,,22,141,11.8,6.4,13,0
 Umar Ferguson,Temp,9,,191,701,77.9,3.7,5,,18,198,22,11,45,1
 Tyrone Moss,Mia F,8,,137,701,87.6,5.1,12,,1,17,2.1,17,17,0
 Shermar Bracey,AR St,10,,107,699,69.9,6.5,5,,12,124,12.4,10.3,25,1
 Jerod Void,Purd,10,,130,696,69.6,5.4,10,,5,30,3,6,8,0
 Douglas Sherman,TX St,10,,135,691,69.1,5.1,5,,8,68,6.8,8.5,28,0
 Chris Johnson,ECU,11,,176,684,62.2,3.9,6,,35,356,32.4,10.2,81,2
 Terrence Whitehead,Ore,11,,156,679,61.7,4.4,4,,52,490,44.5,9.4,42,4
 B.J. Lane,BGSU,11,,139,677,61.5,4.9,10,,24,151,13.7,6.3,24,1
 Erick Jackson,UNLV,11,,174,673,61.2,3.9,6,,36,370,33.6,10.3,62,1
 Andre Brown,NC St,9,,129,667,74.1,5.2,6,,7,76,8.4,10.9,23,0
 Calvin Dawson,ULM,11,,135,666,60.5,4.9,7,,21,130,11.8,6.2,23,0
 Mike Davis,S Car,12,,146,666,55.5,4.6,5,,15,136,11.3,9.1,64,0
 Clark Green,Kan,12,,153,664,55.3,4.3,2,,25,219,18.3,8.8,37,0
 Pierre Thomas Jr.,Ill,11,,127,664,60.4,5.2,5,,28,225,20.5,8,52,1
 Ian Johnson,Bois,13,,119,663,51,5.6,4,,5,46,3.5,9.2,25,0
 Mike Hart,Mich,8,,150,662,82.8,4.4,4,,16,154,19.3,9.6,34,1
 Terry Caulley,Conn,11,,141,659,59.9,4.7,6,,27,176,16,6.5,25,0
 Paul Mosley,Bayl,11,,180,657,59.7,3.7,7,,12,90,8.2,7.5,21,2
 Matt Forte,Tula,11,,169,655,59.5,3.9,4,,23,163,14.8,7.1,24,1
 Larry Thomas,USM,11,,167,647,58.8,3.9,4,,17,118,10.7,6.9,27,0
 Branden Ore,VT,12,,109,647,53.9,5.9,6,,5,36,3,7.2,13,0
 Yonus Davis,SJSU,10,,95,638,63.8,6.7,4,,7,48,4.8,6.9,25,0
 Thomas Clayton,KS St,9,,137,637,70.8,4.6,4,,12,73,8.1,6.1,26,1
 Corey White,UAB,11,,130,632,57.5,4.9,7,,10,79,7.2,7.9,17,0
 Felix Jones,Ark,11,,99,626,56.9,6.3,3,,8,100,9.1,12.5,23,0
 DeShawn Wynn,Fla,11,,130,621,56.5,4.8,7,,12,161,14.6,13.4,27,2
 Micah Andrews,Wake,10,,110,621,62.1,5.6,1,,7,71,7.1,10.1,33,0
 George Stripling,Lou,10,,79,621,62.1,7.9,7,,1,14,1.4,14,14,0
 Bradley Glatthaar,Cinc,11,,139,620,56.4,4.5,7,,11,77,7,7,16,0
 Jason Peters,UCF,10,,105,585,58.5,5.6,5,,4,24,2.4,6,11,0
 Wali Lundy,UVa,11,,144,574,52.2,4,10,,15,62,5.6,4.1,16,1
 Tarrion Adams,Tuls,13,,89,574,44.2,6.4,8,,24,273,21,11.4,39,2
 Kory Sheets,Purd,11,,104,571,51.9,5.5,10,,13,132,12,10.2,23,0
 Chris Markey,UCLA,12,,110,561,46.8,5.1,3,,17,231,19.3,13.6,56,2
 Lorenzo Booker,FL St,13,,119,552,42.5,4.6,4,,38,329,25.3,8.7,71,2
 Toney Baker,NC St,11,,124,546,49.6,4.4,5,,13,106,9.6,8.2,36,1
 Stevie Hicks,IA St,9,,149,545,60.6,3.7,4,,8,39,4.3,4.9,14,0
 Cody Hull,USM,12,,130,542,45.2,4.2,3,,10,66,5.5,6.6,26,0
 Cassen Jackson-Garrison,Vand,11,,97,539,49,5.6,8,,14,139,12.6,9.9,35,0
 John Wall,Rice,11,,109,538,48.9,4.9,7,,0,0,0,N/A,N/A,0
 Ben West,FIU,6,,98,537,89.5,5.5,4,,8,31,5.2,3.9,10,0
 Bryson Sumlin,Fres,11,,120,536,48.7,4.5,5,,10,77,7,7.7,21,1
 Tyler Ebell,UTEP,7,,118,536,76.6,4.5,5,,20,250,35.7,12.5,36,2
 Marco Nelson,Navy,12,,60,533,44.4,8.9,6,,11,261,21.8,23.7,62,2
 Charles Wynn,Ball,8,,127,533,66.6,4.2,3,,26,227,28.4,8.7,29,1
 Jacobe Kendrick,AFA,10,,116,532,53.2,4.6,6,,3,44,4.4,14.7,24,0
 Steven King,Buff,11,,136,532,48.4,3.9,3,,20,137,12.5,6.9,22,0
 Joel Whinghter,Troy,9,,95,531,59,5.6,1,,9,105,11.7,11.7,26,0
 Gerald Riggs Jr.,Tenn,6,,127,530,88.3,4.2,3,,10,74,12.3,7.4,15,0
 Ronnie McGill,NC,7,,130,530,75.7,4.1,5,,15,99,14.1,6.6,12,0
 Scott Wesley,Army,11,,104,528,48,5.1,10,,5,46,4.2,9.2,19,1
 Kolby Smith,Lou,10,,107,523,52.3,4.9,6,,18,196,19.6,10.9,57,1
 Reggie Campbell,Navy,12,,57,514,42.8,9,7,,12,314,26.2,26.2,55,2
 Tashard Choice,GT,12,,117,513,42.8,4.4,6,,14,76,6.3,5.4,17,0
 Daniel Jolly,TX St,14,,110,513,36.6,4.7,8,,4,50,3.6,12.5,22,1
 Charles Pierre,FAU,11,,144,513,46.6,3.6,3,,7,37,3.4,5.3,10,0
 Ramonce Taylor,Tex,13,,76,513,39.5,6.8,12,,27,265,20.4,9.8,42,3
 Charlie Jones,Mia F,10,,123,507,50.7,4.1,5,,5,14,1.4,2.8,9,0
 Naufahu Tahi,BYU,11,,97,497,45.2,5.1,6,,41,375,34.1,9.1,27,2
 James Sims Jr.,Wash,10,,112,495,49.5,4.4,6,,11,73,7.3,6.6,20,0
 Stephen Willis,WKU,9,,116,495,55,4.3,1,,7,90,10,12.9,33,0
 Matt Hall,Navy,9,,99,493,54.8,5,6,,0,0,0,N/A,N/A,0
 Danny Ware,Ga,13,,101,492,37.8,4.9,1,,7,118,9.1,16.9,28,2
 Justin Vincent,LSU,13,,121,488,37.5,4,5,,9,61,4.7,6.8,26,0
 Louis Rankin,Wash,7,,104,485,69.3,4.7,1,,6,54,7.7,9,29,0
 Kevin Grady,Mich,11,,121,483,43.9,4,5,,14,113,10.3,8.1,19,0
 Brandon Whitaker,Bayl,11,,101,481,43.7,4.8,1,,30,160,14.5,5.3,24,0
 Jehuu Caulcrick,MI St,9,,89,478,53.1,5.4,7,,5,53,5.9,10.6,14,0
 Rolly Lumbala,Ida,11,,128,472,42.9,3.7,1,,22,217,19.7,9.9,32,2
 Amir Pinnix,Minn,6,,78,467,77.8,6,1,,0,0,0,N/A,N/A,0
 Quinton Broussard,Tole,11,,64,462,42,7.2,5,,9,48,4.4,5.3,21,0
 Selvin Young,Tex,11,,96,461,41.9,4.8,8,,5,21,1.9,4.2,14,0
 Justin Boyle,Duke,10,,134,458,45.8,3.4,9,,3,6,0.6,2,3,0
 Mark Bonds,WMU,9,,101,456,50.7,4.5,3,,5,18,2,3.6,9,0
 Adrian Davis,N Ill,9,,81,449,49.9,5.5,3,,2,4,0.4,2,3,0
 Freddie Franklin,LT,8,,91,448,56,4.9,4,,17,154,19.3,9.1,42,0
 Jeff Jennings,Vand,10,,123,448,44.8,3.6,7,,21,156,15.6,7.4,16,1
 Anthony Sherrell,EMU,8,,90,443,55.4,4.9,3,,11,88,11,8,20,0
 Yamar Washington,Ind,11,,127,443,40.3,3.5,1,,22,57,5.2,2.6,9,0
 Antwaun Carter,Bois,13,,100,440,33.8,4.4,10,,0,0,0,N/A,N/A,0
 Joseph Doss,Memp,12,,85,440,36.7,5.2,2,,9,0,0,0,7,0
 Tony Temple,Mizz,10,,81,437,43.7,5.4,3,,16,70,7,4.4,11,0
 P.J. Pope,BGSU,9,,125,436,48.4,3.5,4,,27,173,19.2,6.4,36,1
 Marcus Woods,Mizz,10,,93,435,43.5,4.7,3,,18,92,9.2,5.1,18,1
 LaRod Stephens-Howling,Pitt,9,,96,434,48.2,4.5,0,,9,41,4.6,4.6,8,0
 Leon Washington,FL St,11,,97,430,39.1,4.4,3,,25,279,25.4,11.2,61,1
 Jovon Jackson,Tula,9,,101,428,47.6,4.2,5,,14,82,9.1,5.9,17,1
 Jason Teague,MI St,10,,78,420,42,5.4,4,,14,120,12,8.6,34,1
 Greg Coleman,IA St,10,,116,419,41.9,3.6,2,,5,22,2.2,4.4,10,1
 Mike Imoh,VT,9,,106,419,46.6,4,4,,7,40,4.4,5.7,15,0
 Rashad Jennings,Pitt,8,,86,411,51.4,4.8,1,,5,35,4.4,7,14,0
 Jackie Battle,Hous,12,,106,408,34,3.8,5,,1,5,0.4,5,5,0
 Barrington Edwards,NC,9,,114,397,44.1,3.5,2,,10,99,11,9.9,24,0
 Lou Allen,Conn,9,,86,381,42.3,4.4,3,,5,47,5.2,9.4,19,1
 Owen Schmitt,W Va,12,,48,380,31.7,7.9,2,,8,76,6.3,9.5,20,0
 A'mod Ned,FIU,6,,88,375,62.5,4.3,3,,13,81,13.5,6.2,17,0
 Jared Patterson,Buff,10,,90,374,37.4,4.2,2,,9,31,3.1,3.4,10,0
 Ricky Ponton,S Fla,12,,92,373,31.1,4.1,2,,6,26,2.2,4.3,9,0
 Patrick Jackson,LT,9,,88,367,40.8,4.2,6,,9,55,6.1,6.1,20,0
 Markus Manson,Fla,10,,81,365,36.5,4.5,2,,9,55,5.5,6.1,16,0
 Brandon Bornes,SDg St,12,,91,364,30.3,4,2,,12,72,6,6,15,0
 Jamario Thomas,N TX,8,,89,361,45.1,4.1,0,,0,0,0,N/A,N/A,0
 A.J. Harris,N Ill,9,,58,351,39,6.1,5,,11,97,10.8,8.8,16,0
 Raymond Kirkley Jr.,Pitt,8,,82,351,43.9,4.3,1,,7,56,7,8,39,1
 E.B. Halsey,Ill,11,,84,349,31.7,4.2,1,,38,185,16.8,4.9,22,2
 Ryan Bohm,UT St,9,,92,340,37.8,3.7,4,,20,162,18,8.1,34,0
 Booker Stanley,Wis,12,,69,340,28.3,4.9,3,,7,64,5.3,9.1,25,0
 Brad Lester,Aub,7,,52,339,48.4,6.5,5,,3,52,7.4,17.3,38,1
 Morris Brothers,TX St,14,,86,339,24.2,3.9,3,,6,42,3,7,25,0
 Ronnie Drummer,Duke,11,,33,337,30.6,10.2,2,,7,19,1.7,2.7,12,0
 Cornell Brockington,Conn,10,,85,337,33.7,4,4,,1,4,0.4,4,4,0
 Kregg Lumpkin,Ga,12,,66,335,27.9,5.1,3,,5,12,1,2.4,14,0
 De'Arrius Howard,Ark,9,,63,328,36.4,5.2,2,,0,0,0,N/A,N/A,0
 Jason Snelling,UVa,10,,58,325,32.5,5.6,2,,19,140,14,7.4,19,0
 Julian Reams,FIU,9,,87,322,35.8,3.7,0,,1,2,0.2,2,2,0
 Dan Burks,UAB,7,,67,321,45.9,4.8,4,,5,33,4.7,6.6,12,0
 Peyton Hillis,Ark,11,,65,315,28.6,4.8,3,,38,402,36.5,10.6,45,4
 Kenny Cattouse,Troy,11,,89,314,28.5,3.5,4,,6,45,4.1,7.5,42,0
 Al Guidry,SJSU,10,,73,314,31.4,4.3,2,,6,51,5.1,8.5,25,0
 Mario Merrills,Md,9,,82,313,34.8,3.8,4,,1,21,2.3,21,21,0
 DeMaundray Woolridge,WA St,7,,52,312,44.6,6,2,,0,0,0,N/A,N/A,0
 Ralph King,MTSU,9,,92,312,34.7,3.4,2,,4,7,0.8,1.8,4,0
 Kahlil Bell,UCLA,8,,52,310,38.8,6,3,,0,0,0,N/A,N/A,0
 Jeff Carpenter,Bois,13,,51,306,23.5,6,4,,30,300,23.1,10,30,1
 Jerry Flowers,Kent,9,,96,304,33.8,3.2,3,,20,85,9.4,4.3,15,0
 Greg Moore,Cinc,9,,62,297,33,4.8,0,,4,94,10.4,23.5,38,1
 Damian Sims,Iowa,7,,30,296,42.3,9.9,4,,3,30,4.3,10,12,0
 Di'Ivory Edgecomb,FAU,11,,88,295,26.8,3.4,1,,11,114,10.4,10.4,66,2
 Marculus Elliott,UAB,5,,49,295,59,6,2,,2,6,1.2,3,4,0
 Jalen Parmele,Tole,11,,64,294,26.7,4.6,3,,4,41,3.7,10.3,17,0
 Karlos Whittaker,Navy,10,,37,290,29,7.8,6,,3,64,6.4,21.3,25,0
 Parrish Fisher,KS St,7,,48,289,41.3,6,0,,6,87,12.4,14.5,46,0
 Arliss Beach,UK,9,,64,288,32,4.5,6,,8,65,7.2,8.1,16,0
 Butler Benton,Cinc,11,,71,287,26.1,4,1,,7,76,6.9,10.9,34,1
 Tre Smith,Aub,10,,56,285,28.5,5.1,3,,9,105,10.5,11.7,38,1
 Sean Dawkins,Troy,11,,76,285,25.9,3.8,0,,5,9,0.8,1.8,8,0
 Gilbert Harris,Ariz,11,,79,284,25.8,3.6,5,,22,107,9.7,4.9,21,2
 Kejuan Jones,Okla,11,,86,280,25.5,3.3,4,,10,103,9.4,10.3,35,0
 Kestahn Moore,Fla,11,,48,277,25.2,5.8,1,,13,56,5.1,4.3,12,1
 Dontavius Wilcox,UCF,12,,79,274,22.8,3.5,1,,5,56,4.7,11.2,19,1
 Austin Scott,PSU,8,,66,273,34.1,4.1,3,,3,27,3.4,9,23,0
 Michael Johnson,UVa,7,,50,267,38.1,5.3,2,,9,87,12.4,9.7,17,0
 Jimmy Murray,Mia O,8,,50,266,33.3,5.3,4,,5,22,2.8,4.4,12,0
 Josh Harrison,ULL,7,,64,265,37.9,4.1,4,,1,16,2.3,16,16,0
 Brandon Fractious,ECU,9,,47,261,29,5.6,2,,4,27,3,6.8,15,0
 Lawrence Vickers,Colo,13,,73,258,19.8,3.5,9,,26,152,11.7,5.8,27,2
 Richard Davis,Tole,8,,36,256,32,7.1,2,,6,57,7.1,9.5,34,0
 Jacob Gutierrez,Okla,8,,48,254,31.8,5.3,2,,5,11,1.4,2.2,7,0
 G.J. Wooldridge,WKU,6,,34,253,42.2,7.4,1,,2,4,0.7,2,5,0
 Re'quan Boyette,Duke,8,,60,252,31.5,4.2,1,,7,14,1.8,2,13,0
 Jason Evans,Stan,10,,72,248,24.8,3.4,1,,18,135,13.5,7.5,16,0
 Travis Thomas,ND,9,,63,248,27.6,3.9,5,,2,9,1,4.5,8,0
 Brandon Diles,Tuls,5,,40,247,49.4,6.2,3,,0,0,0,N/A,N/A,0
 Daccus Turman,S Car,10,,59,245,24.5,4.2,4,,14,66,6.6,4.7,18,0
 Anthony Kimble,Stan,9,,66,244,27.1,3.7,2,,14,145,16.1,10.4,41,2
 Marcus O'Keith,Cal,5,,22,243,48.6,11,3,,3,56,11.2,18.7,27,1
 Philip Warren,Buff,7,,58,239,34.1,4.1,2,,5,44,6.3,8.8,21,0
 Patrick Perry,SJSU,10,,65,239,23.9,3.7,2,,3,38,3.8,12.7,22,0
 Cedric Peerman,UVa,8,,70,237,29.6,3.4,3,,3,14,1.8,4.7,9,1
 Shyrone Carey,LSU,10,,59,234,23.4,4,2,,4,36,3.6,9,13,0
 Julius Crosslin,OK St,11,,71,231,21,3.3,12,,2,16,1.5,8,12,0
 Brandon Jones,Purd,10,,43,230,23,5.3,2,,7,66,6.6,9.4,33,0
 Voncarie Owens,Ohio,7,,44,228,32.6,5.2,2,,2,32,4.6,16,17,0
 Jerome Jackson,Mich,7,,54,228,32.6,4.2,3,,0,0,0,N/A,N/A,0
 Max Martin,Mich,6,,53,226,37.7,4.3,2,,2,2,0.3,1,5,0
 Brandon Thornton,MS St,9,,47,225,25,4.8,1,,6,32,3.6,5.3,12,0
 Byron Ellis,Colo,13,,78,224,17.2,2.9,0,,6,70,5.4,11.7,38,0
 J.R. Lemon,Stan,8,,76,222,27.8,2.9,0,,15,78,9.8,5.2,20,2
 Mason Denham,ULM,9,,44,218,24.2,5,0,,19,117,13,6.2,19,0
 Rashard Mendenhall,Ill,10,,48,218,21.8,4.5,0,,13,82,8.2,6.3,16,2
 Antwaun Sherman,Ida,8,,53,212,26.5,4,2,,9,42,5.3,4.7,23,0
 Cedrick Dorsey,SMU,8,,59,212,26.5,3.6,0,,0,0,0,N/A,N/A,0
 Dominique Lindsay,ECU,6,,41,210,35,5.1,1,,2,18,3,9,10,0
 Tristan Davis,Aub,3,,11,209,69.7,19,2,,0,0,0,N/A,N/A,0
 Maurice Wells,OH St,8,,61,199,24.9,3.3,1,,1,1,0.1,1,1,0
 Chubb Small,Mrsh,11,,58,197,17.9,3.4,0,,9,42,3.8,4.7,17,1
 Pernell Williams,W Va,7,,67,197,28.1,2.9,2,,3,16,2.3,5.3,8,0
 Larry Bostic,Ball,10,,64,196,19.6,3.1,3,,11,101,10.1,9.2,20,0
 Andrew Cates,Rice,8,,48,192,24,4,1,,0,0,0,N/A,N/A,0
 George Bell,VT,9,,42,192,21.3,4.6,2,,0,0,0,N/A,N/A,0
 Chad Smith,AFA,11,,34,190,17.3,5.6,1,,8,89,8.1,11.1,32,1
 Jonathan Stewart,Ore,10,,53,188,18.8,3.5,6,,7,45,4.5,6.4,12,1
 Antone Smith,FL St,8,,36,188,23.5,5.2,3,,5,25,3.1,5,9,0
 Preston Jones,AZ St,6,,39,187,31.2,4.8,2,,1,3,0.5,3,3,0
 Jimmy Calhoun,Mia O,8,,57,187,23.4,3.3,1,,2,11,1.4,5.5,6,0
 Chris Easley,AR St,7,,32,187,26.7,5.8,1,,2,13,1.9,6.5,7,0
 Jason Gwaltney,W Va,6,,45,186,31,4.1,3,,4,15,2.5,3.8,13,0
 Bobby Thomas,BGSU,7,,42,183,26.1,4.4,0,,4,50,7.1,12.5,20,0
 Jimmy Jackson,Mizz,8,,37,182,22.8,4.9,2,,8,73,9.1,9.1,46,0
 Keon Lattimore,Md,7,,58,181,25.9,3.1,3,,4,5,0.7,1.3,5,0
 Glen Coffee,Ala,11,,48,179,16.3,3.7,0,,8,91,8.3,11.4,40,1
 Adrian Byrd,N Mex,7,,35,179,25.6,5.1,1,,3,3,0.4,1,7,0
 Anthony Evans,Hous,8,,45,178,22.3,4,3,,2,8,1,4,6,0
 Shonn Greene,Iowa,4,,37,173,43.3,4.7,1,,0,0,0,N/A,N/A,0
 Anthony Jones,Troy,6,,33,173,28.8,5.2,0,,0,0,0,N/A,N/A,0
 Brandon Roberson,N.W.,9,,37,171,19,4.6,0,,8,65,7.2,8.1,19,1
 Adam Fitch,AFA,9,,35,168,18.7,4.8,1,,0,0,0,N/A,N/A,0
 Shannon Woods,TX Tch,7,,24,168,24,7,3,,9,85,12.1,9.4,41,1
 Michael Billops,Temp,8,,44,165,20.6,3.8,1,,5,23,2.9,4.6,9,0
 Justin Handley,AFA,9,,28,165,18.3,5.9,2,,4,31,3.4,7.8,12,0
 Trey Chaney,UAB,8,,38,156,19.5,4.1,0,,10,66,8.3,6.6,15,1
 Carl Stewart,Aub,8,,42,151,18.9,3.6,2,,6,60,7.5,10,25,0
 Cedric Dargan,Duke,5,,52,150,30,2.9,2,,2,14,2.8,7,8,0
 Derron Thomas,Mia F,10,,47,150,15,3.2,0,,0,0,0,N/A,N/A,0
 Darrell Mack,Utah,8,,39,147,18.4,3.8,0,,3,13,1.6,4.3,6,0
 Jeremiah Johnson,Ore,6,,24,147,24.5,6.1,2,,4,30,5,7.5,19,0
 Quadtrine Hill,Mia F,12,,19,138,11.5,7.3,0,,29,252,21,8.7,55,1
 Tim Conner,EMU,8,,45,137,17.1,3,2,,15,90,11.3,6,13,0
 Chris Forbes,UT St,6,,46,137,22.8,3,2,,12,70,11.7,5.8,19,0
 Desmond Reed,USC,5,,19,137,27.4,7.2,1,,0,0,0,N/A,N/A,0
 Cole Mason,USM,8,,41,136,17,3.3,4,,0,0,0,N/A,N/A,0
 Allen Patrick,Okla,7,,25,136,19.4,5.4,2,,4,8,1.1,2,12,0
 Donta Hickson,Okla,6,,33,135,22.5,4.1,0,,0,0,0,N/A,N/A,0
 Bobby Wallace,S Car,9,,41,135,15,3.3,0,,8,42,4.7,5.3,12,0
 Nick Frank,Stan,11,,42,134,12.2,3.2,3,,17,127,11.5,7.5,20,0
 Dennis Kennedy,Akrn,11,,45,131,11.9,2.9,1,,14,158,14.4,11.3,79,1
 Ryan Kock,IA St,11,,54,129,11.7,2.4,13,,1,6,0.5,6,5,0
 Marlon Lucky,Neb,10,,43,129,12.9,3,0,,2,3,0.3,1.5,5,0
 James T. Callier,SJSU,9,,37,127,14.1,3.4,2,,8,86,9.6,10.8,19,0
 Tim Castille,Ala,11,,45,124,11.3,2.8,7,,10,56,5.1,5.6,11,0
 Devin Moore,Wyo,7,,26,123,17.6,4.7,0,,6,63,9,10.5,20,0
 Matt Austin,UTEP,8,,32,123,15.4,3.8,1,,2,18,2.3,9,10,0
 Jason Colson,W Va,6,,43,120,20,2.8,1,,8,97,16.2,12.1,20,0
 Chris Henry,Ariz,8,,34,119,14.9,3.5,0,,2,0,0,0,0,0
 Ryan Odell,TX St,1,,30,118,118,3.9,2,,0,0,0,N/A,N/A,0
 Tim Murphy,Pitt,11,,31,118,10.7,3.8,1,,14,132,12,9.4,33,1
 Demarcus Johnson,MS St,4,,24,117,29.3,4.9,2,,3,18,4.5,6,9,0
 Matt Rivera,Fres,11,,28,116,10.5,4.1,0,,38,421,38.3,11.1,31,3
 Greg Gold,OK St,4,,19,116,29,6.1,0,,5,22,5.5,4.4,11,0
 Jacob Hester,LSU,10,,25,114,11.4,4.6,2,,11,63,6.3,5.7,15,0
 Dwight Lindon Jr.,ULL,10,,29,113,11.3,3.9,0,,3,13,1.3,4.3,9,0
 Booker Jenkins,ULL,11,,19,112,10.2,5.9,3,,9,74,6.7,8.2,15,0
 Justin Montgomery,Mass,5,,27,110,22,4.1,2,,1,6,1.2,6,6,0
 Seth Gulsby,Army,4,,33,108,27,3.3,0,,2,18,4.5,9,12,0
 Kareem Jones,Syra,10,,42,108,10.8,2.6,0,,5,43,4.3,8.6,19,0
 Victor Mann,KS St,9,,19,107,11.9,5.6,2,,11,138,15.3,12.5,36,1
 Terrell Jackson,Ore,7,,27,107,15.3,4,0,,8,37,5.3,4.6,16,0
 Kyle Browning,Clem,6,,33,106,17.7,3.2,0,,6,98,16.3,16.3,41,1
 Aaron Johns,Ala,2,,18,105,52.5,5.8,0,,0,0,0,N/A,N/A,0
 Trey Hines,Navy,10,,27,104,10.4,3.9,1,,3,23,2.3,7.7,14,0
 Justin Watts,TCU,2,,18,103,51.5,5.7,0,,0,0,0,N/A,N/A,0
 Josiah Sears,Ind,6,,24,103,17.2,4.3,0,,2,22,3.7,11,23,0
 Kenny James,Wash,7,,29,103,14.7,3.6,1,,3,24,3.4,8,17,0
 Montell Clanton,N Ill,3,,21,102,34,4.9,0,,0,0,0,N/A,N/A,0
 Rashon Powers-Neal,ND,4,,31,100,25,3.2,6,,9,90,22.5,10,18,0
 Brandon Fitzgerald,WKU,7,,14,99,14.1,7.1,2,,5,29,4.1,5.8,8,0
 Wayne Latu,BYU,2,,16,98,49,6.1,1,,0,0,0,N/A,N/A,0
 Andrew Johnson,Mia F,3,,14,97,32.3,6.9,0,,0,0,0,N/A,N/A,0
 Carlos Alsup,KS St,5,,30,96,19.2,3.2,2,,0,0,0,N/A,N/A,0
 Skyler Thornton,Fla,5,,20,96,19.2,4.8,0,,1,8,1.6,8,8,0
 Linwood Jenkins,Kent,2,,32,95,47.5,3,0,,2,5,2.5,2.5,4,0
 Michael Coleman,USC,4,,20,95,23.8,4.8,1,,0,0,0,N/A,N/A,0
 Adam Gorman,FIU,8,,30,94,11.8,3.1,1,,9,56,7,6.2,10,0
 Cassen Garrison,Vand,2,,16,94,47,5.9,1,,4,53,26.5,13.3,28,0
 Brett Kahn,MI St,3,,19,93,31,4.9,0,,0,0,0,N/A,N/A,0
 Kyle Dickerson,Ark,5,,18,93,18.6,5.2,0,,1,8,1.6,8,8,0
 Jimmy Green,CO St,9,,28,91,10.1,3.3,1,,1,14,1.6,14,14,0
 Derek Ambrose,MS St,2,,15,90,45,6,0,,0,0,0,N/A,N/A,0
 Chad Simpson,S Fla,3,,16,89,29.7,5.6,0,,0,0,0,N/A,N/A,0
 Shawn Willis,OK St,7,,17,89,12.7,5.2,0,,0,0,0,N/A,N/A,0
 De'Angelo Bryant,Wake,4,,22,89,22.3,4,1,,0,0,0,N/A,N/A,0
 Stan Zwinggi,TX St,2,,6,87,43.5,14.5,1,,2,18,9,9,15,0
 Richuel Massey,SMU,8,,24,87,10.9,3.6,1,,1,11,1.4,11,11,0
 Jay Lucas,TAMU,4,,7,87,21.8,12.4,1,,0,0,0,N/A,N/A,0
 Justin Warren,NC,5,,17,86,17.2,5.1,0,,0,0,0,N/A,N/A,0
 Kip McCarthy,AFA,7,,16,84,12,5.3,0,,0,0,0,N/A,N/A,0
 Alijah Bradley,Mich,5,,19,83,16.6,4.4,1,,1,15,3,15,15,0
 Mike Daniels,Cinc,7,,18,83,11.9,4.6,0,,10,51,7.3,5.1,16,0
 Terrell Williams,Cal,5,,19,82,16.4,4.3,1,,0,0,0,N/A,N/A,0
 Samson Taylor,TAMU,2,,18,82,41,4.6,0,,1,25,12.5,25,25,0
 JaJa Riley,UNLV,7,,30,81,11.6,2.7,1,,1,21,3,21,21,0
 Reggie Davis,NC St,6,,27,77,12.8,2.9,0,,1,18,3,18,18,0
 David Brown,IA St,2,,16,77,38.5,4.8,0,,0,0,0,N/A,N/A,0
 Harold Taylor,Hous,10,,20,77,7.7,3.9,0,,8,71,7.1,8.9,24,0
 Chris Ogbonnaya,Tex,6,,22,76,12.7,3.5,1,,1,3,0.5,3,3,0
 Clifford Harris,Duke,5,,21,75,15,3.6,0,,0,0,0,N/A,N/A,0
 Bio Bilaye-Benibo,Rice,5,,21,74,14.8,3.5,0,,0,0,0,N/A,N/A,0
 J. Survival Ross,BC,2,,15,71,35.5,4.7,2,,1,19,9.5,19,19,0
 John Pettiford,Pitt,2,,10,71,35.5,7.1,0,,0,0,0,N/A,N/A,0
 Lonta Hobbs,TCU,2,,18,71,35.5,3.9,0,,2,45,22.5,22.5,41,0
 Jayson Bird,Ida,1,,23,70,70,3,1,,1,0,0,0,0,0
 Lamar Ferguson,SJSU,7,,30,69,9.9,2.3,1,,2,0,0,0,4,0
 Marcus Schnoor,Iowa,6,,22,69,11.5,3.1,2,,3,14,2.3,4.7,6,0
 Clarence Pittman,Rutg,2,,9,68,34,7.6,0,,0,0,0,N/A,N/A,0
 Chris Manderino,Cal,10,,17,68,6.8,4,2,,13,188,18.8,14.5,54,2
 Anthony Boykins,CMU,3,,17,65,21.7,3.8,0,,2,4,1.3,2,6,0
 Greg Keys,Kent,9,,21,63,7,3,1,,11,48,5.3,4.4,16,0
 Mario Cox,Haw,5,,14,61,12.2,4.4,0,,4,38,7.6,9.5,11,0
 Erik Haw,OH St,4,,14,61,15.3,4.4,1,,2,6,1.5,3,6,0
 Kirk Elsworth,WMU,4,,18,61,15.3,3.4,0,,0,0,0,N/A,N/A,0
 Mike Falco,Rice,5,,12,60,12,5,0,,8,208,41.6,26,80,1
 Jamar Harris,WKU,1,,8,60,60,7.5,1,,0,0,0,N/A,N/A,0
 Reagan Mauia,Haw,2,,12,59,29.5,4.9,1,,0,0,0,N/A,N/A,0
 Ronnie Smith,UNLV,5,,2,59,11.8,29.5,0,,2,17,3.4,8.5,14,0
 Jacoby Jones,Bayl,2,,12,57,28.5,4.8,0,,0,0,0,N/A,N/A,0
 Detrick James,TCU,2,,11,56,28,5.1,0,,0,0,0,N/A,N/A,0
 Jeff Jenkins,ND,4,,19,56,14,2.9,0,,0,0,0,N/A,N/A,0
 Jeremiah Williams,NM St,8,,12,56,7,4.7,1,,9,47,5.9,5.2,13,1
 J.R. Moore,Wyo,6,,21,55,9.2,2.6,1,,1,10,1.7,10,10,0
 Brandon Leone,TAMU,2,,19,55,27.5,2.9,1,,4,57,28.5,14.3,36,1
 Lynwood Johnson,UT St,8,,22,54,6.8,2.5,1,,6,56,7,9.3,17,0
 J.P. Humber,Md,1,,4,53,53,13.3,0,,1,10,10,10,10,0
 Jamal Pittman,Miss,7,,18,53,7.6,2.9,0,,11,78,11.1,7.1,17,0
 Chris Alexander,TAMU,6,,8,53,8.8,6.6,0,,3,27,4.5,9,11,1
 Brandon Jackson,Neb,6,,18,52,8.7,2.9,0,,1,5,0.8,5,5,0
 Fred Turner,SMU,6,,13,51,8.5,3.9,0,,1,13,2.2,13,13,0
 Alexis Bwenge,UK,9,,15,51,5.7,3.4,1,,4,20,2.2,5,8,0
 Lamar Lewis,FL St,6,,9,50,8.3,5.6,1,,2,7,1.2,3.5,5,0
 David Farmer,Haw,8,,12,49,6.1,4.1,1,,11,71,8.9,6.5,14,1
 Chris Singleton,Wash,3,,12,48,16,4,0,,0,0,0,N/A,N/A,0
 Bobby Weakley,USM,8,,12,48,6,4,1,,4,31,3.9,7.8,13,0
 Brandon Schnittker,OH St,5,,18,47,9.4,2.6,2,,0,0,0,N/A,N/A,0
 Tommy Haug,Nev,6,,9,46,7.7,5.1,0,,3,8,1.3,2.7,3,1
 Nate Wright,OR St,6,,10,45,7.5,4.5,0,,2,14,2.3,7,13,0
 Rashaun Grant,GT,3,,10,44,14.7,4.4,0,,0,0,0,N/A,N/A,0
 Jimtavis Walker,OR St,3,,15,44,14.7,2.9,0,,2,0,0,0,0,0
 Jason Johnson,Ga,3,,3,44,14.7,14.7,0,,1,3,1,3,3,0
 Philip Bates,WKU,1,,3,42,42,14,0,,0,0,0,N/A,N/A,0
 Sam Brownlee,Iowa,2,,9,42,21,4.7,2,,0,0,0,N/A,N/A,0
 David Yancey,Tenn,4,,13,42,10.5,3.2,0,,2,14,3.5,7,12,0
 Tyson Browning,Ga,4,,7,41,10.3,5.9,1,,2,11,2.8,5.5,9,0
 Jason Harris,IA St,3,,11,40,13.3,3.6,0,,1,6,2,6,6,0
 Le'Ron McClain,Ala,10,,8,39,3.9,4.9,0,,18,140,14,7.8,21,2
 Anthony Alridge,Hous,10,,9,39,3.9,4.3,0,,13,295,29.5,22.7,62,3
 Chris James,AR St,2,,4,37,18.5,9.3,1,,0,0,0,N/A,N/A,0
 Michael Franklin,SDg St,5,,8,36,7.2,4.5,0,,2,17,3.4,8.5,16,0
 Marcus Thigpen,Ind,11,,7,35,3.2,5,0,,32,432,39.3,13.5,74,2
 Rodney Kinlaw,PSU,6,,18,34,5.7,1.9,2,,1,3,0.5,3,3,0
 Alex Renshaw,Wyo,3,,7,34,11.3,4.9,0,,0,0,0,N/A,N/A,0
 Jon Drager,Kent,3,,2,34,11.3,17,0,,8,42,14,5.3,29,1
 Bobby Washington,NC St,2,,8,34,17,4.3,0,,3,14,7,4.7,8,0
 Mario Price,Bayl,3,,6,34,11.3,5.7,0,,0,0,0,N/A,N/A,0
 Oren O'Neal,AR St,9,,13,34,3.8,2.6,2,,4,47,5.2,11.8,20,1
 Dywon Rowan,Wis,3,,13,34,11.3,2.6,1,,0,0,0,N/A,N/A,0
 Mike Neal,Temp,2,,8,33,16.5,4.1,0,,1,17,8.5,17,17,0
 Donnie Anders,KS St,1,,8,33,33,4.1,2,,1,40,40,40,40,0
 B.J. Manley,FAU,10,,15,33,3.3,2.2,0,,8,101,10.1,12.6,25,0
 Shannon Dorsey,Fres,1,,9,33,33,3.7,0,,1,16,16,16,16,0
 Taurance Rawls,TX Tch,2,,10,32,16,3.2,1,,3,16,8,5.3,15,0
 Derrick Williams,UCLA,1,,5,32,32,6.4,0,,0,0,0,N/A,N/A,0
 Tony Miner,USM,3,,12,32,10.7,2.7,0,,1,1,0.3,1,1,0
 Johnnie Fitzgerald,SMU,2,,7,32,16,4.6,1,,0,0,0,N/A,N/A,0
 Christopher Burgett,Ga,3,,10,32,10.7,3.2,0,,0,0,0,N/A,N/A,0
 Jason Davis,Ill,8,,15,31,3.9,2.1,0,,11,162,20.3,14.7,61,1
 Nelson Drew,EMU,5,,5,31,6.2,6.2,0,,3,10,2,3.3,5,0
 Tom Busch,Iowa,8,,9,31,3.9,3.4,0,,4,29,3.6,7.3,16,0
 Bryan Maneafaiga,Haw,2,,12,30,15,2.5,0,,8,75,37.5,9.4,27,1
 Marcus Crawford,UT St,3,,13,30,10,2.3,0,,1,6,2,6,6,0
 JaMarcus Gaither,Memp,1,,6,29,29,4.8,1,,0,0,0,N/A,N/A,0
 Ray Boudreaux,Tula,4,,8,29,7.3,3.6,0,,1,7,1.8,7,7,0
 Arlen Dorsey,W Va,1,,7,29,29,4.1,0,,0,0,0,N/A,N/A,0
 Manase Tonga,BYU,4,,6,28,7,4.7,0,,5,50,12.5,10,20,0
 Chris Woods,GT,6,,14,28,4.7,2,0,,7,63,10.5,9,14,0
 Alan Abrams,Miss,3,,14,28,9.3,2,0,,1,5,1.7,5,5,0
 Mike Liti,Utah,4,,12,28,7,2.3,0,,2,4,1,2,6,0
 Brett Denton,Bois,4,,14,27,6.8,1.9,0,,0,0,0,N/A,N/A,0
 Jon Lane,UTEP,2,,11,27,13.5,2.5,1,,2,29,14.5,14.5,15,0
 Antwaun Hobbs,Tex,2,,9,27,13.5,3,0,,0,0,0,N/A,N/A,0
 Gartrell Johnson,CO St,2,,11,26,13,2.4,0,,0,0,0,N/A,N/A,0
 Curtis Brinkley,Syra,3,,7,26,8.7,3.7,0,,0,0,0,N/A,N/A,0
 David Kirtman,USC,9,,8,26,2.9,3.3,1,,22,281,31.2,12.8,42,1
 Michael Houston,Tex,1,,2,25,25,12.5,0,,0,0,0,N/A,N/A,0
 Tim Washington,Syra,3,,7,25,8.3,3.6,0,,3,25,8.3,8.3,16,0
 Cornell Canidate,AZ St,1,,6,25,25,4.2,0,,1,9,9,9,9,0
 Patrick Fuller,OR St,4,,12,25,6.3,2.1,1,,3,32,8,10.7,14,0
 Bryson Davis,MS St,8,,8,24,3,3,0,,13,78,9.8,6,13,1
 Shaun DeWitty,AZ St,2,,6,24,12,4,0,,0,0,0,N/A,N/A,0
 BranDon Snow,PSU,8,,10,24,3,2.4,3,,2,12,1.5,6,7,0
 Brandon Hart,MS St,4,,11,24,6,2.2,0,,1,4,1,4,4,0
 Robert Tillman,ECU,6,,10,23,3.8,2.3,1,,16,186,31,11.6,36,1
 Raunny Rosario,Mass,3,,7,23,7.7,3.3,0,,0,0,0,N/A,N/A,0
 Matt Bernstein,Wis,3,,6,22,7.3,3.7,1,,0,0,0,N/A,N/A,0
 Brandon Alexander,UAB,2,,8,21,10.5,2.6,0,,0,0,0,N/A,N/A,0
 David Romaka,NM St,6,,8,21,3.5,2.6,0,,3,13,2.2,4.3,9,1
 Omar Conteh,N.W.,3,,6,21,7,3.5,0,,0,0,0,N/A,N/A,0
 Andre Woodert,USC,3,,5,21,7,4.2,0,,0,0,0,N/A,N/A,0
 Brad Young,Ohio,5,,11,21,4.2,1.9,0,,0,0,0,N/A,N/A,0
 Shun White,Navy,2,,3,21,10.5,7,0,,1,29,14.5,29,29,0
 Kevin Sherlock,Iowa,3,,6,21,7,3.5,0,,0,0,0,N/A,N/A,0
 Cory Anderson,Tenn,8,,7,20,2.5,2.9,0,,14,147,18.4,10.5,21,0
 Anthony Barksdale,Conn,3,,6,20,6.7,3.3,0,,1,11,3.7,11,11,0
 Shelton Sampson,Wash,2,,4,20,10,5,0,,2,14,7,7,16,0
 Ross Cassity,WKU,8,,5,19,2.4,3.8,0,,7,65,8.1,9.3,13,1
 Josh Abrams,Ohio,2,,5,19,9.5,3.8,0,,0,0,0,N/A,N/A,0
 Darryl Poston,Utah,2,,6,19,9.5,3.2,0,,0,0,0,N/A,N/A,0
 Frank Berchie,Akrn,2,,4,18,9,4.5,0,,0,0,0,N/A,N/A,0
 Leo Colquitt,ULM,2,,3,18,9,6,0,,0,0,0,N/A,N/A,0
 Montario Hardesty,Tenn,2,,6,18,9,3,0,,0,0,0,N/A,N/A,0
 Nick Wedlow,Ball,2,,11,17,8.5,1.5,0,,0,0,0,N/A,N/A,0
 Niles Mittasch,Ore,1,,2,17,17,8.5,0,,0,0,0,N/A,N/A,0
 Jermarcus Veal,ECU,4,,4,16,4,4,0,,1,3,0.8,3,3,0
 Gerald Commissiong,Stan,1,,5,16,16,3.2,1,,0,0,0,N/A,N/A,0
 Clifford Harrell,Clem,3,,1,16,5.3,16,0,,2,8,2.7,4,5,0
 Jim Ollis,AFA,2,,5,16,8,3.2,1,,0,0,0,N/A,N/A,0
 Nick Pinchek,PSU,1,,4,15,15,3.8,0,,0,0,0,N/A,N/A,0
 Scott Ballew,Tex,2,,4,14,7,3.5,0,,0,0,0,N/A,N/A,0
 Mark Banks,ULM,2,,3,14,7,4.7,0,,0,0,0,N/A,N/A,0
 Jonathan Lowe,MS St,4,,8,13,3.3,1.6,0,,2,14,3.5,7,10,0
 Brandon Hancock,USC,10,,4,13,1.3,3.3,1,,9,102,10.2,11.3,21,0
 Marques Simmons,Iowa,2,,3,13,6.5,4.3,0,,1,11,5.5,11,11,0
 Ayo Saba,KS St,3,,6,13,4.3,2.2,2,,0,0,0,N/A,N/A,0
 John Griffin,USC,4,,4,13,3.3,3.3,0,,0,0,0,N/A,N/A,0
 Steven Bright,Vand,6,,5,12,2,2.4,0,,17,198,33,11.6,31,0
 Tristan Walker,CO St,4,,4,12,3,3,1,,0,0,0,N/A,N/A,0
 John Candelas,VT,1,,3,12,12,4,0,,0,0,0,N/A,N/A,0
 Stephen McDonald,Syra,2,,2,12,6,6,0,,2,16,8,8,12,0
 Beau Suder,AFA,2,,2,11,5.5,5.5,0,,0,0,0,N/A,N/A,0
 Alex Thompson,SDg St,2,,2,11,5.5,5.5,0,,1,11,5.5,11,11,0
 Markis Facyson,Rutg,3,,8,11,3.7,1.4,0,,0,0,0,N/A,N/A,0
 Kala Latuselu,Haw,1,,7,11,11,1.6,0,,4,7,7,1.8,4,0
 Adolphus Shelton,Iowa,2,,4,10,5,2.5,0,,0,0,0,N/A,N/A,0
 Ahmard Hall,Tex,3,,1,10,3.3,10,0,,3,42,14,14,25,1
 Champ Davis,Iowa,7,,1,10,1.4,10,0,,8,58,8.3,7.3,10,1
 Randy Hill,AZ St,2,,3,10,5,3.3,0,,1,8,4,8,8,0
 Marcus Furman,Pitt,4,,5,10,2.5,2,0,,0,0,0,N/A,N/A,0
 Troy Doane,CMU,2,,2,9,4.5,4.5,0,,0,0,0,N/A,N/A,0
 James Mitchell,N TX,5,,2,9,1.8,4.5,0,,6,33,6.6,5.5,7,1
 Byron Storer,Cal,2,,2,9,4.5,4.5,0,,0,0,0,N/A,N/A,0
 Matt Lawrence,Mass,1,,1,9,9,9,0,,0,0,0,N/A,N/A,0
 Calvin Roberts,OK St,1,,2,9,9,4.5,0,,0,0,0,N/A,N/A,0
 Matt Hahn,PSU,3,,2,9,3,4.5,0,,2,19,6.3,9.5,10,0
 Gerwin Williams,Mrsh,1,,3,9,9,3,0,,0,0,0,N/A,N/A,0
 Paul Macko,Clem,1,,2,9,9,4.5,0,,0,0,0,N/A,N/A,0
 Brenton Martin,Ball,1,,2,9,9,4.5,0,,0,0,0,N/A,N/A,0
 Draak Davis,UK,2,,1,9,4.5,9,0,,3,13,6.5,4.3,13,0
 Bryan Lescanec,UVa,1,,3,9,9,3,0,,0,0,0,N/A,N/A,0
 Jason Eldridge,Mich,2,,2,9,4.5,4.5,0,,0,0,0,N/A,N/A,0
 Marcus Knox,Rice,1,,2,8,8,4,0,,0,0,0,N/A,N/A,0
 Cas Prime,N Ill,2,,1,8,4,8,0,,0,0,0,N/A,N/A,0
 Kellen Campbell,Pitt,2,,2,8,4,4,0,,0,0,0,N/A,N/A,0
 Alonzo Chisolm,Wake,1,,1,8,8,8,0,,0,0,0,N/A,N/A,0
 Montey Brunk,Wyo,2,,3,8,4,2.7,0,,0,0,0,N/A,N/A,0
 Jimmy Stephens,UCLA,2,,1,8,4,8,0,,1,3,1.5,3,3,0
 Price Wilks,AZ St,1,,3,7,7,2.3,0,,0,0,0,N/A,N/A,0
 Pierre Walker,EMU,1,,3,7,7,2.3,0,,0,0,0,N/A,N/A,0
 Marcellus Cage,KS St,1,,2,7,7,3.5,0,,0,0,0,N/A,N/A,0
 Paul Wilson,Iowa,1,,3,7,7,2.3,0,,0,0,0,N/A,N/A,0
 Brandon Jacobs,Miss,2,,8,7,3.5,0.9,0,,0,0,0,N/A,N/A,0
 James Coleman,FL St,8,,11,7,0.9,0.6,3,,3,10,1.3,3.3,6,0
 Roshon Vercher,Fres,4,,4,7,1.8,1.8,2,,2,19,4.8,9.5,13,0
 Ashanti Hicks,Ida,1,,3,6,6,2,0,,0,0,0,N/A,N/A,0
 Lucas Sullivan,Ohio,6,,6,6,1,1,0,,3,22,3.7,7.3,12,0
 Ivan Harrison,Wyo,1,,4,6,6,1.5,0,,0,0,0,N/A,N/A,0
 Spencer Lewis,CMU,1,,7,6,6,0.9,0,,1,8,8,8,8,0
 Joe Semanoff,BYU,1,,1,6,6,6,0,,2,25,25,12.5,20,1
 Chris Barnett,Memp,1,,1,6,6,6,0,,0,0,0,N/A,N/A,0
 Ishmael Medley,Rutg,1,,2,6,6,3,0,,0,0,0,N/A,N/A,0
 Russ Weil,Ill,3,,1,6,2,6,0,,2,22,7.3,11,17,0
 Jerell Ringer,Akrn,4,,8,5,1.3,0.6,0,,1,11,2.8,11,11,0
 Martelius Epps,N Mex,1,,3,5,5,1.7,0,,1,1,1,1,1,0
 Kenny Hicks,LT,1,,3,5,5,1.7,0,,0,0,0,N/A,N/A,0
 Malcolm Ruff,Duke,4,,4,5,1.3,1.3,0,,2,15,3.8,7.5,8,0
 Marcus Myers,Tex,3,,4,5,1.7,1.3,0,,0,0,0,N/A,N/A,0
 Byron McCoy,Navy,3,,3,5,1.7,1.7,0,,0,0,0,N/A,N/A,0
 Billy Latsko,Fla,3,,1,5,1.7,5,0,,5,43,14.3,8.6,20,1
 Brandon Asuega-Stark,WA St,1,,2,5,5,2.5,0,,0,0,0,N/A,N/A,0
 David Peeples,UNLV,1,,1,4,4,4,0,,0,0,0,N/A,N/A,0
 Brendan Schaub,Colo,4,,1,4,1,4,0,,3,8,2,2.7,7,0
 Joe Don Wood,Rice,2,,2,4,2,2,0,,1,29,14.5,29,29,1
 Aston Wilson,FIU,2,,1,4,2,4,0,,1,8,4,8,8,0
 Kevin Steltz,LSU,2,,2,4,2,2,0,,0,0,0,N/A,N/A,0
 Ryan Franzinger,OH St,1,,1,4,4,4,0,,0,0,0,N/A,N/A,0
 Mark Palaita,Wash,3,,3,4,1.3,1.3,1,,0,0,0,N/A,N/A,0
 Ade Tuyo,Tula,1,,2,4,4,2,0,,0,0,0,N/A,N/A,0
 Zach Logan,Vand,1,,1,3,3,3,0,,0,0,0,N/A,N/A,0
 B.J. Dean,FL St,4,,3,3,0.8,1,1,,1,4,1,4,4,0
 Johan Givens,UTEP,2,,3,3,1.5,1,0,,0,0,0,N/A,N/A,0
 Roy Otis,Hous,3,,1,3,1,3,0,,2,3,1,1.5,2,0
 Brad Lau,Bois,4,,2,3,0.8,1.5,0,,3,29,7.3,9.7,12,1
 J.D. Runnels,Okla,9,,1,3,0.3,3,0,,20,205,22.8,10.3,35,1
 Zerbin Singleton,Navy,1,,1,3,3,3,0,,0,0,0,N/A,N/A,0
 Kris Bonifas,Stan,1,,1,3,3,3,0,,0,0,0,N/A,N/A,0
 Dawson Wilber,NM St,2,,1,3,1.5,3,0,,1,3,1.5,3,3,0
 Kevin McCall,WA St,1,,3,3,3,1,0,,0,0,0,N/A,N/A,0
 Ashley McConnell,ND,1,,1,3,3,3,0,,0,0,0,N/A,N/A,0
 Jermaine Sims,S Car,3,,3,3,1,1,0,,0,0,0,N/A,N/A,0
 Brandon Hicks,WKU,1,,1,3,3,3,0,,0,0,0,N/A,N/A,0
 Rikki Cook,NC,3,,1,2,0.7,2,0,,2,8,2.7,4,6,1
 Willie Rose,FAU,1,,3,2,2,0.7,0,,1,17,17,17,17,0
 Damon McWhite,Wake,5,,3,2,0.4,0.7,0,,9,54,10.8,6,17,0
 Jason Lamers,Minn,2,,2,2,1,1,2,,0,0,0,N/A,N/A,0
 Kenni Burns,Ind,2,,2,2,1,1,0,,0,0,0,N/A,N/A,0
 Chester Johnson Jr.,ULL,1,,2,1,1,0.5,0,,0,0,0,N/A,N/A,0
 Andiel Brown,Ore,1,,1,1,1,1,0,,0,0,0,N/A,N/A,0
 Clifton Smith,Fres,1,,1,1,1,1,0,,1,16,16,16,16,0
 Ty Eriks,Wash,1,,1,1,1,1,1,,1,0,0,0,0,0
 Kentrel Brooks,MS St,1,,2,1,1,0.5,0,,0,0,0,N/A,N/A,0
 Justin Acierno,Pitt,1,,0,0,0,N/A,0,,2,7,7,3.5,5,1
 Jake Slaughter,Aub,5,,0,0,0,N/A,0,,5,48,9.6,9.6,19,0
 Nick McAfee,MTSU,7,,0,0,0,N/A,0,,7,81,11.6,11.6,22,2
 Rendrick Taylor,Clem,6,,0,0,0,N/A,0,,9,69,11.5,7.7,21,0
 Justin Sprowles,UK,1,,0,0,0,N/A,0,,1,1,1,1,1,0
 Russell Dennison,Okla,1,,0,0,0,N/A,0,,1,4,4,4,4,0
 Stan White Jr.,OH St,3,,0,0,0,N/A,0,,3,21,7,7,11,0
 Matt Vogele,Mia O,2,,0,0,0,N/A,0,,2,5,2.5,2.5,4,1
 Brian Thompson,Mich,5,,0,0,0,N/A,0,,6,41,8.2,6.8,11,2
 Ricardo Dickerson,Md,1,,0,0,0,N/A,0,,1,7,7,7,7,0
 Spencer Dye,Kent,1,,0,0,0,N/A,0,,1,4,4,4,4,0
 Brandon Kennedy,Ark,2,,0,0,0,N/A,0,,2,9,4.5,4.5,6,0
 Ajenavi Eziemefe,GT,1,,0,0,0,N/A,0,,1,2,2,2,2,0
 Mark Palmer,BC,5,,0,0,0,N/A,0,,8,40,8,5,9,0
 Tim Cesa,Md,1,,0,0,0,N/A,0,,1,5,5,5,5,0
 Brad Salyer,Ball,4,,0,0,0,N/A,0,,9,38,9.5,4.2,9,2
 Tony Milton,Ga,2,,0,0,0,N/A,0,,4,16,8,4,9,0
 Kyle Bennett,Ala,1,,0,0,0,N/A,0,,1,3,3,3,3,0
 Jesse Allen,VT,3,,0,0,0,N/A,0,,3,15,5,5,7,1
 Paddy Lynch,BC,4,,0,0,0,N/A,0,,7,41,10.3,5.9,9,0
 Paco Jones,Mrsh,1,,1,0,0,0,0,,0,0,0,N/A,N/A,0
 Deriontae Taylor,Lou,2,,0,0,0,N/A,0,,2,6,3,3,4,0
 Casey Rogers,MS St,2,,0,0,0,N/A,0,,2,32,16,16,27,0
 Seth Quivey,WMU,1,,0,0,0,N/A,0,,1,12,12,12,12,0
 A.J. Brooks,BC,1,,0,0,0,N/A,0,,0,0,0,N/A,8,0
 Brandon Lopez,Ariz,3,,0,0,0,N/A,0,,3,30,10,10,16,0
 Anthony Martinez,Temp,1,,0,0,0,N/A,0,,1,8,8,8,8,0
 Will Paul,Mich,1,,0,0,0,N/A,0,,0,0,0,N/A,N/A,0
 Nate Clemens,Ohio,1,,0,0,0,N/A,0,,0,0,0,N/A,N/A,0
 Chris Clancy,Ball,4,,0,0,0,N/A,0,,6,46,11.5,7.7,15,2
 Steven Jackson,Clem,5,,0,0,0,N/A,0,,5,36,7.2,7.2,15,0
 Joey Trappey,ULM,10,,0,0,0,N/A,0,,42,425,42.5,10.1,26,1
 Nolan Hughey,UAB,1,,0,0,0,N/A,0,,1,3,3,3,3,0
 Kort Shankweiler,ECU,1,,0,0,0,N/A,0,,0,0,0,N/A,N/A,0
 Kevin Bradley,UVa,1,,0,0,0,N/A,0,,1,3,3,3,3,0
 Dane Todd,Neb,6,,0,0,0,N/A,0,,8,75,12.5,9.4,17,0
 Luke Bomar,TX St,3,,1,0,0,0,0,,4,27,9,6.8,12,0
 Andrew McCloud,WKU,1,,0,0,0,N/A,0,,1,13,13,13,13,0
 Curtis Francis,UCF,2,,2,0,0,0,0,,1,6,3,6,6,0
 Mike Brittingham,USC,1,,0,0,0,N/A,0,,1,9,9,9,9,0
 Damon Dotson,Bayl,2,,0,0,0,N/A,0,,2,25,12.5,12.5,13,0
 Frank McDonald,Mass,1,,0,0,0,N/A,0,,1,6,6,6,6,0
 Justin Hoskins,ND,1,,2,-1,-1,-0.5,0,,0,0,0,N/A,N/A,0
 Rhoderick Carroll,Troy,2,,1,-2,-1,-2,0,,1,5,2.5,5,5,0
 Stephen White,Ga,1,,1,-2,-2,-2,0,,0,0,0,N/A,N/A,0
 Kyle Eklund,Nev,1,,3,-4,-4,-1.3,0,,1,4,4,4,4,0
 Derrick Bush,Kent,10,,3,-4,-0.4,-1.3,0,,39,388,38.8,9.9,61,4
 Erroll Hogan,ULM,4,,6,-6,-1.5,-1,0,,3,22,5.5,7.3,13,0
